code,name,report_year,btype,title,sse_date,url,pdf_name,pdf_path,size_bytes,status,note,dl_note
600000,浦发银行,2025,年报,上海浦东发展银行股份有限公司2025年年度报告,2026-03-31,http://www.sse.com.cn/disclosure/listedinfo/announcement/c/new/2026-03-31/600000_20260331_ZWFN.pdf,600000_20260331_ZWFN.pdf,data\pdfs\600000\600000_20260331_ZWFN.pdf,36054699,ok,DQBG 分类命中（唯一候选）,已存在，跳过（36.1 MB）
600004,白云机场,2025,年报,广州白云国际机场股份有限公司2025年年度报告,2026-04-30,http://www.sse.com.cn/disclosure/listedinfo/announcement/c/new/2026-04-30/600004_20260430_ZSRN.pdf,600004_20260430_ZSRN.pdf,data\pdfs\600004\600004_20260430_ZSRN.pdf,1427780,ok,DQBG 分类命中（唯一候选）,已存在，跳过（1.4 MB）
600006,东风股份,2025,年报,东风汽车股份有限公司2025年年度报告全文,2026-04-23,http://www.sse.com.cn/disclosure/listedinfo/announcement/c/new/2026-04-23/600006_20260423_RYT5.pdf,600006_20260423_RYT5.pdf,data\pdfs\600006\600006_20260423_RYT5.pdf,1307879,ok,DQBG 分类命中（唯一候选）,已存在，跳过（1.3 MB）
600007,中国国贸,2025,年报,中国国贸2025年年度报告,2026-04-02,http://www.sse.com.cn/disclosure/listedinfo/announcement/c/new/2026-04-02/600007_20260402_CE7M.pdf,600007_20260402_CE7M.pdf,data\pdfs\600007\600007_20260402_CE7M.pdf,17077327,ok,DQBG 分类命中（唯一候选）,已存在，跳过（17.1 MB）
600008,首创环保,2025,年报,首创环保2025年年度报告,2026-04-11,http://www.sse.com.cn/disclosure/listedinfo/announcement/c/new/2026-04-11/600008_20260411_JOWG.pdf,600008_20260411_JOWG.pdf,data\pdfs\600008\600008_20260411_JOWG.pdf,2582723,ok,DQBG 分类命中（唯一候选）,已存在，跳过（2.6 MB）
600009,上海机场,2025,年报,上海机场2025年年度报告,2026-04-30,http://www.sse.com.cn/disclosure/listedinfo/announcement/c/new/2026-04-30/600009_20260430_BK10.pdf,600009_20260430_BK10.pdf,data\pdfs\600009\600009_20260430_BK10.pdf,1519311,ok,DQBG 分类命中（唯一候选）,已存在，跳过（1.5 MB）
600010,包钢股份,2025,年报,包钢股份2025年年度报告,2026-04-18,http://www.sse.com.cn/disclosure/listedinfo/announcement/c/new/2026-04-18/600010_20260418_MMNU.pdf,600010_20260418_MMNU.pdf,data\pdfs\600010\600010_20260418_MMNU.pdf,2104288,ok,DQBG 分类命中（唯一候选）,已存在，跳过（2.1 MB）
600011,华能国际,2025,年报,华能国际2025年年度报告,2026-03-25,http://www.sse.com.cn/disclosure/listedinfo/announcement/c/new/2026-03-25/600011_20260325_CS0B.pdf,600011_20260325_CS0B.pdf,data\pdfs\600011\600011_20260325_CS0B.pdf,2146617,ok,DQBG 分类命中（唯一候选）,已存在，跳过（2.1 MB）
600012,皖通高速,2025,年报,皖通高速2025年年度报告,2026-03-28,http://www.sse.com.cn/disclosure/listedinfo/announcement/c/new/2026-03-28/600012_20260328_EBPM.pdf,600012_20260328_EBPM.pdf,data\pdfs\600012\600012_20260328_EBPM.pdf,2099644,ok,DQBG 分类命中（唯一候选）,已存在，跳过（2.1 MB）
600015,华夏银行,2025,年报,华夏银行2025年年度报告,2026-03-31,http://www.sse.com.cn/disclosure/listedinfo/announcement/c/new/2026-03-31/600015_20260331_5ZX0.pdf,600015_20260331_5ZX0.pdf,data\pdfs\600015\600015_20260331_5ZX0.pdf,11350196,ok,DQBG 分类命中（唯一候选）,已存在，跳过（11.4 MB）
600016,民生银行,2025,年报,中国民生银行2025年年度报告,2026-03-31,http://www.sse.com.cn/disclosure/listedinfo/announcement/c/new/2026-03-31/600016_20260331_IICM.pdf,600016_20260331_IICM.pdf,data\pdfs\600016\600016_20260331_IICM.pdf,5986803,ok,DQBG 分类命中（唯一候选）,已存在，跳过（6.0 MB）
600017,日照港,2025,年报,日照港股份有限公司2025年年度报告,2026-03-27,http://www.sse.com.cn/disclosure/listedinfo/announcement/c/new/2026-03-27/600017_20260327_8WAK.pdf,600017_20260327_8WAK.pdf,data\pdfs\600017\600017_20260327_8WAK.pdf,1693473,ok,DQBG 分类命中（唯一候选）,已存在，跳过（1.7 MB）
600018,上港集团,2025,年报,上港集团2025年年度报告,2026-04-01,http://www.sse.com.cn/disclosure/listedinfo/announcement/c/new/2026-04-01/600018_20260401_PLI7.pdf,600018_20260401_PLI7.pdf,data\pdfs\600018\600018_20260401_PLI7.pdf,2289690,ok,DQBG 分类命中（唯一候选）,已存在，跳过（2.3 MB）
600019,宝钢股份,2025,年报,宝钢股份2025年年度报告全文,2026-04-30,http://www.sse.com.cn/disclosure/listedinfo/announcement/c/new/2026-04-30/600019_20260430_LB2P.pdf,600019_20260430_LB2P.pdf,data\pdfs\600019\600019_20260430_LB2P.pdf,1905325,ok,DQBG 分类命中（唯一候选）,已存在，跳过（1.9 MB）
600020,中原高速,2025,年报,河南中原高速公路股份有限公司2025年年度报告,2026-04-23,http://www.sse.com.cn/disclosure/listedinfo/announcement/c/new/2026-04-23/600020_20260423_ZCN7.pdf,600020_20260423_ZCN7.pdf,data\pdfs\600020\600020_20260423_ZCN7.pdf,1753808,ok,DQBG 分类命中（唯一候选）,已存在，跳过（1.8 MB）
600021,上海电力,2025,年报,上海电力股份有限公司2025年年度报告（全文）,2026-04-14,http://www.sse.com.cn/disclosure/listedinfo/announcement/c/new/2026-04-14/600021_20260414_EJKO.pdf,600021_20260414_EJKO.pdf,data\pdfs\600021\600021_20260414_EJKO.pdf,2630554,ok,DQBG 分类命中（唯一候选）,已存在，跳过（2.6 MB）
600022,山东钢铁,2025,年报,山东钢铁股份有限公司2025年年度报告,2026-04-23,http://www.sse.com.cn/disclosure/listedinfo/announcement/c/new/2026-04-23/600022_20260423_W44N.pdf,600022_20260423_W44N.pdf,data\pdfs\600022\600022_20260423_W44N.pdf,1541862,ok,DQBG 分类命中（唯一候选）,已存在，跳过（1.5 MB）
600023,浙能电力,2025,年报,2025年年度报告,2026-04-28,http://www.sse.com.cn/disclosure/listedinfo/announcement/c/new/2026-04-28/600023_20260428_3M3A.pdf,600023_20260428_3M3A.pdf,data\pdfs\600023\600023_20260428_3M3A.pdf,1592655,ok,DQBG 分类命中（唯一候选）,已存在，跳过（1.6 MB）
600025,华能水电,2025,年报,2025年年度报告,2026-04-29,http://www.sse.com.cn/disclosure/listedinfo/announcement/c/new/2026-04-29/600025_20260429_EN00.pdf,600025_20260429_EN00.pdf,data\pdfs\600025\600025_20260429_EN00.pdf,1580993,ok,DQBG 分类命中（唯一候选）,已存在，跳过（1.6 MB）
600026,中远海能,2025,年报,中远海能2025年年度报告,2026-03-27,http://www.sse.com.cn/disclosure/listedinfo/announcement/c/new/2026-03-27/600026_20260327_BFNQ.pdf,600026_20260327_BFNQ.pdf,data\pdfs\600026\600026_20260327_BFNQ.pdf,1878469,ok,DQBG 分类命中（唯一候选）,已存在，跳过（1.9 MB）
600027,华电国际,2025,年报,2025年年度报告,2026-03-27,http://www.sse.com.cn/disclosure/listedinfo/announcement/c/new/2026-03-27/600027_20260327_VSUM.pdf,600027_20260327_VSUM.pdf,data\pdfs\600027\600027_20260327_VSUM.pdf,5120159,ok,DQBG 分类命中（唯一候选）,已存在，跳过（5.1 MB）
600028,中国石化,2025,年报,中国石化2025年度报告,2026-03-23,http://www.sse.com.cn/disclosure/listedinfo/announcement/c/new/2026-03-23/600028_20260323_J1IG.pdf,600028_20260323_J1IG.pdf,data\pdfs\600028\600028_20260323_J1IG.pdf,13112821,ok,DQBG 分类命中（唯一候选）,已存在，跳过（13.1 MB）
600029,南方航空,2025,年报,南方航空2025年度报告,2026-03-31,http://www.sse.com.cn/disclosure/listedinfo/announcement/c/new/2026-03-31/600029_20260331_LY03.pdf,600029_20260331_LY03.pdf,data\pdfs\600029\600029_20260331_LY03.pdf,8354195,ok,DQBG 分类命中（唯一候选）,已存在，跳过（8.4 MB）
600030,中信证券,2025,年报,中信证券股份有限公司2025年年度报告,2026-03-27,http://www.sse.com.cn/disclosure/listedinfo/announcement/c/new/2026-03-27/600030_20260327_OTZ9.pdf,600030_20260327_OTZ9.pdf,data\pdfs\600030\600030_20260327_OTZ9.pdf,10435774,ok,DQBG 分类命中（唯一候选）,已存在，跳过（10.4 MB）
600031,三一重工,2025,年报,三一重工股份有限公司2025年年度报告,2026-03-31,http://www.sse.com.cn/disclosure/listedinfo/announcement/c/new/2026-03-31/600031_20260331_YF45.pdf,600031_20260331_YF45.pdf,data\pdfs\600031\600031_20260331_YF45.pdf,1682689,ok,DQBG 分类命中（唯一候选）,已存在，跳过（1.7 MB）
600032,浙江新能,2025,年报,浙江新能2025年年度报告,2026-04-28,http://www.sse.com.cn/disclosure/listedinfo/announcement/c/new/2026-04-28/600032_20260428_EBCT.pdf,600032_20260428_EBCT.pdf,data\pdfs\600032\600032_20260428_EBCT.pdf,2054929,ok,DQBG 分类命中（唯一候选）,已存在，跳过（2.1 MB）
600033,福建高速,2025,年报,2025年年度报告,2026-04-18,http://www.sse.com.cn/disclosure/listedinfo/announcement/c/new/2026-04-18/600033_20260418_CJGS.pdf,600033_20260418_CJGS.pdf,data\pdfs\600033\600033_20260418_CJGS.pdf,5481659,ok,DQBG 分类命中（唯一候选）,已存在，跳过（5.5 MB）
600035,楚天高速,2025,年报,湖北楚天智能交通股份有限公司2025年年度报告,2026-04-23,http://www.sse.com.cn/disclosure/listedinfo/announcement/c/new/2026-04-23/600035_20260423_2TGR.pdf,600035_20260423_2TGR.pdf,data\pdfs\600035\600035_20260423_2TGR.pdf,1626786,ok,DQBG 分类命中（唯一候选）,已存在，跳过（1.6 MB）
600036,招商银行,2025,年报,招商银行股份有限公司2025年度报告,2026-03-28,http://www.sse.com.cn/disclosure/listedinfo/announcement/c/new/2026-03-28/600036_20260328_F53J.pdf,600036_20260328_F53J.pdf,data\pdfs\600036\600036_20260328_F53J.pdf,32081947,ok,DQBG 分类命中（唯一候选）,已存在，跳过（32.1 MB）
600037,歌华有线,2025,年报,歌华有线2025年年度报告,2026-04-29,http://www.sse.com.cn/disclosure/listedinfo/announcement/c/new/2026-04-29/600037_20260429_N1WV.pdf,600037_20260429_N1WV.pdf,data\pdfs\600037\600037_20260429_N1WV.pdf,1263185,ok,DQBG 分类命中（唯一候选）,已存在，跳过（1.3 MB）
600038,中直股份,2025,年报,中航直升机股份有限公司2025年年度报告,2026-03-28,http://www.sse.com.cn/disclosure/listedinfo/announcement/c/new/2026-03-28/600038_20260328_MC2A.pdf,600038_20260328_MC2A.pdf,data\pdfs\600038\600038_20260328_MC2A.pdf,1300968,ok,DQBG 分类命中（唯一候选）,已存在，跳过（1.3 MB）
600039,四川路桥,2025,年报,四川路桥2025年年度报告,2026-04-25,http://www.sse.com.cn/disclosure/listedinfo/announcement/c/new/2026-04-25/600039_20260425_G0NP.pdf,600039_20260425_G0NP.pdf,data\pdfs\600039\600039_20260425_G0NP.pdf,2381914,ok,DQBG 分类命中（唯一候选）,已存在，跳过（2.4 MB）
600048,保利发展,2025,年报,保利发展控股集团股份有限公司2025年年度报告,2026-04-18,http://www.sse.com.cn/disclosure/listedinfo/announcement/c/new/2026-04-18/600048_20260418_4GYR.pdf,600048_20260418_4GYR.pdf,data\pdfs\600048\600048_20260418_4GYR.pdf,6789205,ok,DQBG 分类命中（唯一候选）,已存在，跳过（6.8 MB）
600050,中国联通,2025,年报,中国联合网络通信股份有限公司2025年年度报告,2026-03-20,http://www.sse.com.cn/disclosure/listedinfo/announcement/c/new/2026-03-20/600050_20260320_R37Q.pdf,600050_20260320_R37Q.pdf,data\pdfs\600050\600050_20260320_R37Q.pdf,8852314,ok,DQBG 分类命中（唯一候选）,已存在，跳过（8.9 MB）
600051,宁波联合,2025,年报,宁波联合2025年度报告,2026-04-14,http://www.sse.com.cn/disclosure/listedinfo/announcement/c/new/2026-04-14/600051_20260414_41EL.pdf,600051_20260414_41EL.pdf,data\pdfs\600051\600051_20260414_41EL.pdf,1266588,ok,DQBG 分类命中（唯一候选）,已存在，跳过（1.3 MB）
600052,东望时代,2025,年报,浙江东望时代科技股份有限公司2025年年度报告,2026-04-28,http://www.sse.com.cn/disclosure/listedinfo/announcement/c/new/2026-04-28/600052_20260428_RBIG.pdf,600052_20260428_RBIG.pdf,data\pdfs\600052\600052_20260428_RBIG.pdf,1465899,ok,DQBG 分类命中（唯一候选）,已存在，跳过（1.5 MB）
600053,*ST九鼎,2025,年报,九鼎投资2025年年度报告,2026-04-29,http://www.sse.com.cn/disclosure/listedinfo/announcement/c/new/2026-04-29/600053_20260429_GS72.pdf,600053_20260429_GS72.pdf,data\pdfs\600053\600053_20260429_GS72.pdf,1489076,ok,DQBG 分类命中（唯一候选）,已存在，跳过（1.5 MB）
600054,黄山旅游,2025,年报,黄山旅游2025年年度报告,2026-04-18,http://www.sse.com.cn/disclosure/listedinfo/announcement/c/new/2026-04-18/600054_20260418_PU9R.pdf,600054_20260418_PU9R.pdf,data\pdfs\600054\600054_20260418_PU9R.pdf,1315647,ok,DQBG 分类命中（唯一候选）,已存在，跳过（1.3 MB）
600055,万东医疗,2025,年报,万东医疗2025年年度报告,2026-03-26,http://www.sse.com.cn/disclosure/listedinfo/announcement/c/new/2026-03-26/600055_20260326_PQHJ.pdf,600055_20260326_PQHJ.pdf,data\pdfs\600055\600055_20260326_PQHJ.pdf,1339049,ok,DQBG 分类命中（唯一候选）,已存在，跳过（1.3 MB）
600056,中国医药,2025,年报,2025年年度报告全文,2026-04-25,http://www.sse.com.cn/disclosure/listedinfo/announcement/c/new/2026-04-25/600056_20260425_H6DR.pdf,600056_20260425_H6DR.pdf,data\pdfs\600056\600056_20260425_H6DR.pdf,1891004,ok,DQBG 分类命中（唯一候选）,已存在，跳过（1.9 MB）
600057,厦门象屿,2025,年报,厦门象屿2025年年度报告,2026-04-24,http://www.sse.com.cn/disclosure/listedinfo/announcement/c/new/2026-04-24/600057_20260424_KE5K.pdf,600057_20260424_KE5K.pdf,data\pdfs\600057\600057_20260424_KE5K.pdf,5460906,ok,DQBG 分类命中（唯一候选）,已存在，跳过（5.5 MB）
600058,五矿发展,2025,年报,五矿发展股份有限公司2025年年度报告,2026-03-31,http://www.sse.com.cn/disclosure/listedinfo/announcement/c/new/2026-03-31/600058_20260331_SFJA.pdf,600058_20260331_SFJA.pdf,data\pdfs\600058\600058_20260331_SFJA.pdf,6113008,ok,DQBG 分类命中（唯一候选）,已存在，跳过（6.1 MB）
600059,古越龙山,2025,年报,古越龙山2025年年度报告,2026-04-23,http://www.sse.com.cn/disclosure/listedinfo/announcement/c/new/2026-04-23/600059_20260423_XRGR.pdf,600059_20260423_XRGR.pdf,data\pdfs\600059\600059_20260423_XRGR.pdf,1272070,ok,DQBG 分类命中（唯一候选）,已存在，跳过（1.3 MB）
600060,海信视像,2025,年报,海信视像：2025年年度报告,2026-03-31,http://www.sse.com.cn/disclosure/listedinfo/announcement/c/new/2026-03-31/600060_20260331_D3YV.pdf,600060_20260331_D3YV.pdf,data\pdfs\600060\600060_20260331_D3YV.pdf,1842038,ok,DQBG 分类命中（唯一候选）,已存在，跳过（1.8 MB）
600061,国投资本,2025,年报,国投资本2025年年度报告,2026-04-03,http://www.sse.com.cn/disclosure/listedinfo/announcement/c/new/2026-04-03/600061_20260403_J4WZ.pdf,600061_20260403_J4WZ.pdf,data\pdfs\600061\600061_20260403_J4WZ.pdf,5187781,ok,DQBG 分类命中（唯一候选）,已存在，跳过（5.2 MB）
600062,华润双鹤,2025,年报,华润双鹤2025年年度报告,2026-03-20,http://www.sse.com.cn/disclosure/listedinfo/announcement/c/new/2026-03-20/600062_20260320_VRVG.pdf,600062_20260320_VRVG.pdf,data\pdfs\600062\600062_20260320_VRVG.pdf,1925183,ok,DQBG 分类命中（唯一候选）,已存在，跳过（1.9 MB）
600063,皖维高新,2025,年报,皖维高新2025年年度报告,2026-03-20,http://www.sse.com.cn/disclosure/listedinfo/announcement/c/new/2026-03-20/600063_20260320_6SJM.pdf,600063_20260320_6SJM.pdf,data\pdfs\600063\600063_20260320_6SJM.pdf,2097857,ok,DQBG 分类命中（唯一候选）,已存在，跳过（2.1 MB）
600064,南京高科,2025,年报,南京高科2025年年度报告,2026-04-23,http://www.sse.com.cn/disclosure/listedinfo/announcement/c/new/2026-04-23/600064_20260423_Q551.pdf,600064_20260423_Q551.pdf,data\pdfs\600064\600064_20260423_Q551.pdf,3749801,ok,DQBG 分类命中（唯一候选）,已存在，跳过（3.7 MB）
600066,宇通客车,2025,年报,2025年年度报告,2026-03-31,http://www.sse.com.cn/disclosure/listedinfo/announcement/c/new/2026-03-31/600066_20260331_FY0Y.pdf,600066_20260331_FY0Y.pdf,data\pdfs\600066\600066_20260331_FY0Y.pdf,1101733,ok,DQBG 分类命中（唯一候选）,已存在，跳过（1.1 MB）
600067,冠城新材,2025,年报,冠城新材2025年年度报告,2026-04-23,http://www.sse.com.cn/disclosure/listedinfo/announcement/c/new/2026-04-23/600067_20260423_OYXC.pdf,600067_20260423_OYXC.pdf,data\pdfs\600067\600067_20260423_OYXC.pdf,1554122,ok,DQBG 分类命中（唯一候选）,已存在，跳过（1.6 MB）
600071,凤凰光学,2025,年报,凤凰光学股份有限公司2025年年度报告,2026-04-21,http://www.sse.com.cn/disclosure/listedinfo/announcement/c/new/2026-04-21/600071_20260421_ZR9F.pdf,600071_20260421_ZR9F.pdf,data\pdfs\600071\600071_20260421_ZR9F.pdf,1147189,ok,DQBG 分类命中（唯一候选）,已存在，跳过（1.1 MB）
600072,中船科技,2025,年报,中船科技股份有限公司2025年年度报告,2026-04-30,http://www.sse.com.cn/disclosure/listedinfo/announcement/c/new/2026-04-30/600072_20260430_EBSK.pdf,600072_20260430_EBSK.pdf,data\pdfs\600072\600072_20260430_EBSK.pdf,2032114,ok,DQBG 分类命中（唯一候选）,已存在，跳过（2.0 MB）
600073,光明肉业,2025,年报,光明肉业2025年年度报告,2026-03-31,http://www.sse.com.cn/disclosure/listedinfo/announcement/c/new/2026-03-31/600073_20260331_4T2O.pdf,600073_20260331_4T2O.pdf,data\pdfs\600073\600073_20260331_4T2O.pdf,1745155,ok,DQBG 分类命中（唯一候选）,已存在，跳过（1.7 MB）
600075,新疆天业,2025,年报,新疆天业股份有限公司2025年度报告,2026-04-10,http://www.sse.com.cn/disclosure/listedinfo/announcement/c/new/2026-04-10/600075_20260410_A145.pdf,600075_20260410_A145.pdf,data\pdfs\600075\600075_20260410_A145.pdf,1794614,ok,DQBG 分类命中（唯一候选）,已存在，跳过（1.8 MB）
600076,康欣新材,2025,年报,2025年年度报告,2026-04-30,http://www.sse.com.cn/disclosure/listedinfo/announcement/c/new/2026-04-30/600076_20260430_ZN6P.pdf,600076_20260430_ZN6P.pdf,data\pdfs\600076\600076_20260430_ZN6P.pdf,1349008,ok,DQBG 分类命中（唯一候选）,已存在，跳过（1.3 MB）
600078,澄星股份,2025,年报,江苏澄星磷化工股份有限公司2025年年度报告,2026-04-18,http://www.sse.com.cn/disclosure/listedinfo/announcement/c/new/2026-04-18/600078_20260418_YW6C.pdf,600078_20260418_YW6C.pdf,data\pdfs\600078\600078_20260418_YW6C.pdf,1739786,ok,DQBG 分类命中（唯一候选）,已存在，跳过（1.7 MB）
600079,ST人福,2025,年报,2025年年度报告,2026-03-31,http://www.sse.com.cn/disclosure/listedinfo/announcement/c/new/2026-03-31/600079_20260331_8GPS.pdf,600079_20260331_8GPS.pdf,data\pdfs\600079\600079_20260331_8GPS.pdf,1703242,ok,DQBG 分类命中（唯一候选）,已存在，跳过（1.7 MB）
600080,ST金花,2025,年报,金花企业（集团）股份有限公司2025年年度报告,2026-04-29,http://www.sse.com.cn/disclosure/listedinfo/announcement/c/new/2026-04-29/600080_20260429_0BCL.pdf,600080_20260429_0BCL.pdf,data\pdfs\600080\600080_20260429_0BCL.pdf,1938951,ok,DQBG 分类命中（唯一候选）,已存在，跳过（1.9 MB）
600081,东风科技,2025,年报,东风电子科技股份有限公司2025年年度报告,2026-04-15,http://www.sse.com.cn/disclosure/listedinfo/announcement/c/new/2026-04-15/600081_20260415_XCDX.pdf,600081_20260415_XCDX.pdf,data\pdfs\600081\600081_20260415_XCDX.pdf,1393628,ok,DQBG 分类命中（唯一候选）,已存在，跳过（1.4 MB）
600082,ST海泰 ,2025,年报,天津海泰科技发展股份有限公司2025年度报告,2026-04-29,http://www.sse.com.cn/disclosure/listedinfo/announcement/c/new/2026-04-29/600082_20260429_1620.pdf,600082_20260429_1620.pdf,data\pdfs\600082\600082_20260429_1620.pdf,1222729,ok,DQBG 分类命中（唯一候选）,已存在，跳过（1.2 MB）
600084,*ST尼雅,2025,年报,中信尼雅葡萄酒股份有限公司2025年年度报告,2026-04-28,http://www.sse.com.cn/disclosure/listedinfo/announcement/c/new/2026-04-28/600084_20260428_BDFQ.pdf,600084_20260428_BDFQ.pdf,data\pdfs\600084\600084_20260428_BDFQ.pdf,1394171,ok,DQBG 分类命中（唯一候选）,已存在，跳过（1.4 MB）
600085,同仁堂,2025,年报,同仁堂2025年年度报告,2026-03-31,http://www.sse.com.cn/disclosure/listedinfo/announcement/c/new/2026-03-31/600085_20260331_ZJ0N.pdf,600085_20260331_ZJ0N.pdf,data\pdfs\600085\600085_20260331_ZJ0N.pdf,1416397,ok,DQBG 分类命中（唯一候选）,已存在，跳过（1.4 MB）
600088,中视传媒,2025,年报,中视传媒股份有限公司2025年年度报告,2026-04-18,http://www.sse.com.cn/disclosure/listedinfo/announcement/c/new/2026-04-18/600088_20260418_GO06.pdf,600088_20260418_GO06.pdf,data\pdfs\600088\600088_20260418_GO06.pdf,1338901,ok,DQBG 分类命中（唯一候选）,已存在，跳过（1.3 MB）
600089,特变电工,2025,年报,特变电工股份有限公司2025年年度报告,2026-04-16,http://www.sse.com.cn/disclosure/listedinfo/announcement/c/new/2026-04-16/600089_20260416_7C7T.pdf,600089_20260416_7C7T.pdf,data\pdfs\600089\600089_20260416_7C7T.pdf,4038937,ok,DQBG 分类命中（唯一候选）,已存在，跳过（4.0 MB）
600094,大名城,2025,年报,上海大名城企业股份有限公司2025年年度报告,2026-04-23,http://www.sse.com.cn/disclosure/listedinfo/announcement/c/new/2026-04-23/600094_20260423_6OY7.pdf,600094_20260423_6OY7.pdf,data\pdfs\600094\600094_20260423_6OY7.pdf,1260338,ok,DQBG 分类命中（唯一候选）,已存在，跳过（1.3 MB）
600095,湘财股份,2025,其它,湘财股份2025年年度报告,2026-03-21,http://www.sse.com.cn/disclosure/listedinfo/announcement/c/new/2026-03-21/600095_20260321_4H6D.pdf,600095_20260321_4H6D.pdf,data\pdfs\600095\600095_20260321_4H6D.pdf,1794345,ok,兜底命中，原标题分类为『其它』（唯一候选）,已存在，跳过（1.8 MB）
600096,云天化,2025,年报,云天化2025年年度报告,2026-03-24,http://www.sse.com.cn/disclosure/listedinfo/announcement/c/new/2026-03-24/600096_20260324_43PU.pdf,600096_20260324_43PU.pdf,data\pdfs\600096\600096_20260324_43PU.pdf,2531044,ok,DQBG 分类命中（唯一候选）,已存在，跳过（2.5 MB）
600097,开创国际,2025,年报,开创国际2025年年度报告,2026-03-28,http://www.sse.com.cn/disclosure/listedinfo/announcement/c/new/2026-03-28/600097_20260328_A5JX.pdf,600097_20260328_A5JX.pdf,data\pdfs\600097\600097_20260328_A5JX.pdf,1203922,ok,DQBG 分类命中（唯一候选）,已存在，跳过（1.2 MB）
600098,广州发展,2025,年报,广州发展集团股份有限公司2025年年度报告,2026-04-15,http://www.sse.com.cn/disclosure/listedinfo/announcement/c/new/2026-04-15/600098_20260415_1WR7.pdf,600098_20260415_1WR7.pdf,data\pdfs\600098\600098_20260415_1WR7.pdf,4141139,ok,DQBG 分类命中（唯一候选）,已存在，跳过（4.1 MB）
600099,林海股份,2025,年报,林海股份有限公司2025年年度报告,2026-03-28,http://www.sse.com.cn/disclosure/listedinfo/announcement/c/new/2026-03-28/600099_20260328_M4C5.pdf,600099_20260328_M4C5.pdf,data\pdfs\600099\600099_20260328_M4C5.pdf,1783383,ok,DQBG 分类命中（唯一候选）,已存在，跳过（1.8 MB）
600100,同方股份,2025,年报,同方股份有限公司2025年年度报告,2026-04-29,http://www.sse.com.cn/disclosure/listedinfo/announcement/c/new/2026-04-29/600100_20260429_89O2.pdf,600100_20260429_89O2.pdf,data\pdfs\600100\600100_20260429_89O2.pdf,2011565,ok,DQBG 分类命中（唯一候选）,已存在，跳过（2.0 MB）
600101,明星电力,2025,年报,四川明星电力股份有限公司2025年年度报告,2026-03-27,http://www.sse.com.cn/disclosure/listedinfo/announcement/c/new/2026-03-27/600101_20260327_7MA5.pdf,600101_20260327_7MA5.pdf,data\pdfs\600101\600101_20260327_7MA5.pdf,1601965,ok,DQBG 分类命中（唯一候选）,已存在，跳过（1.6 MB）
600103,青山纸业,2025,年报,2025年年度报告,2026-04-14,http://www.sse.com.cn/disclosure/listedinfo/announcement/c/new/2026-04-14/600103_20260414_533C.pdf,600103_20260414_533C.pdf,data\pdfs\600103\600103_20260414_533C.pdf,1516999,ok,DQBG 分类命中（唯一候选）,已存在，跳过（1.5 MB）
600104,上汽集团,2025,年报,上汽集团2025年年度报告,2026-04-02,http://www.sse.com.cn/disclosure/listedinfo/announcement/c/new/2026-04-02/600104_20260402_OXOS.pdf,600104_20260402_OXOS.pdf,data\pdfs\600104\600104_20260402_OXOS.pdf,1570114,ok,DQBG 分类命中（唯一候选）,已存在，跳过（1.6 MB）
600105,永鼎股份,2025,年报,永鼎股份2025年年度报告,2026-04-21,http://www.sse.com.cn/disclosure/listedinfo/announcement/c/new/2026-04-21/600105_20260421_7OFR.pdf,600105_20260421_7OFR.pdf,data\pdfs\600105\600105_20260421_7OFR.pdf,2118895,ok,DQBG 分类命中（唯一候选）,已存在，跳过（2.1 MB）
600106,重庆路桥,2025,年报,重庆路桥股份有限公司2025年年度报告,2026-04-23,http://www.sse.com.cn/disclosure/listedinfo/announcement/c/new/2026-04-23/600106_20260423_STE3.pdf,600106_20260423_STE3.pdf,data\pdfs\600106\600106_20260423_STE3.pdf,1081929,ok,DQBG 分类命中（唯一候选）,已存在，跳过（1.1 MB）
600107,*ST尔雅,2025,年报,2025年年度报告,2026-04-30,http://www.sse.com.cn/disclosure/listedinfo/announcement/c/new/2026-04-30/600107_20260430_HD23.pdf,600107_20260430_HD23.pdf,data\pdfs\600107\600107_20260430_HD23.pdf,1457656,ok,DQBG 分类命中（唯一候选）,已存在，跳过（1.5 MB）
600108,亚盛集团,2025,年报,亚盛集团2025年年度报告,2026-04-30,http://www.sse.com.cn/disclosure/listedinfo/announcement/c/new/2026-04-30/600108_20260430_90X1.pdf,600108_20260430_90X1.pdf,data\pdfs\600108\600108_20260430_90X1.pdf,1130311,ok,DQBG 分类命中（唯一候选）,已存在，跳过（1.1 MB）
600109,国金证券,2025,其它,国金证券股份有限公司2025年年度报告,2026-04-24,http://www.sse.com.cn/disclosure/listedinfo/announcement/c/new/2026-04-24/600109_20260424_SMW2.pdf,600109_20260424_SMW2.pdf,data\pdfs\600109\600109_20260424_SMW2.pdf,5328701,ok,兜底命中，原标题分类为『其它』（唯一候选）,已存在，跳过（5.3 MB）
600110,诺德股份,2025,年报,诺德新材料股份有限公司2025年年度报告,2026-04-23,http://www.sse.com.cn/disclosure/listedinfo/announcement/c/new/2026-04-23/600110_20260423_QAU3.pdf,600110_20260423_QAU3.pdf,data\pdfs\600110\600110_20260423_QAU3.pdf,2462807,ok,DQBG 分类命中（唯一候选）,已存在，跳过（2.5 MB）
600111,北方稀土,2025,年报,北方稀土2025年度报告全文,2026-04-18,http://www.sse.com.cn/disclosure/listedinfo/announcement/c/new/2026-04-18/600111_20260418_EVT0.pdf,600111_20260418_EVT0.pdf,data\pdfs\600111\600111_20260418_EVT0.pdf,1699920,ok,DQBG 分类命中（唯一候选）,已存在，跳过（1.7 MB）
600113,浙江东日,2025,年报,浙江东日股份有限公司2025年年度报告（全文）,2026-03-07,http://www.sse.com.cn/disclosure/listedinfo/announcement/c/new/2026-03-07/600113_20260307_33S2.pdf,600113_20260307_33S2.pdf,data\pdfs\600113\600113_20260307_33S2.pdf,4198874,ok,DQBG 分类命中（唯一候选）,已存在，跳过（4.2 MB）
600114,东睦股份,2025,年报,东睦股份2025年年度报告,2026-04-21,http://www.sse.com.cn/disclosure/listedinfo/announcement/c/new/2026-04-21/600114_20260421_83T2.pdf,600114_20260421_83T2.pdf,data\pdfs\600114\600114_20260421_83T2.pdf,3530311,ok,DQBG 分类命中（唯一候选）,已存在，跳过（3.5 MB）
600115,中国东航,2025,其它,中国东方航空股份有限公司2025年度报告,2026-03-31,http://www.sse.com.cn/disclosure/listedinfo/announcement/c/new/2026-03-31/600115_20260331_LKWP.pdf,600115_20260331_LKWP.pdf,data\pdfs\600115\600115_20260331_LKWP.pdf,17781019,ok,兜底命中，原标题分类为『其它』（同日 2 条同标题，按文件大小取最大 17.8 MB（其余 0.3 MB））,OK 17.8 MB（2 轮过挑战）
600116,三峡水利,2025,年报,重庆三峡水利电力（集团）股份有限公司2025年年度报告,2026-04-23,http://www.sse.com.cn/disclosure/listedinfo/announcement/c/new/2026-04-23/600116_20260423_UG1L.pdf,600116_20260423_UG1L.pdf,data\pdfs\600116\600116_20260423_UG1L.pdf,2348410,ok,DQBG 分类命中（唯一候选）,已存在，跳过（2.3 MB）
600117,西宁特钢,2025,年报,西宁特殊钢股份有限公司2025年度报告,2026-04-30,http://www.sse.com.cn/disclosure/listedinfo/announcement/c/new/2026-04-30/600117_20260430_LQ97.pdf,600117_20260430_LQ97.pdf,data\pdfs\600117\600117_20260430_LQ97.pdf,1609762,ok,DQBG 分类命中（唯一候选）,已存在，跳过（1.6 MB）
600118,中国卫星,2025,年报,中国卫星2025年年度报告,2026-03-31,http://www.sse.com.cn/disclosure/listedinfo/announcement/c/new/2026-03-31/600118_20260331_8OIB.pdf,600118_20260331_8OIB.pdf,data\pdfs\600118\600118_20260331_8OIB.pdf,1384449,ok,DQBG 分类命中（唯一候选）,已存在，跳过（1.4 MB）
600119,*ST长投,2025,年报,长江投资：2025年年度报告全文,2026-04-27,http://www.sse.com.cn/disclosure/listedinfo/announcement/c/new/2026-04-27/600119_20260427_T6MZ.pdf,600119_20260427_T6MZ.pdf,data\pdfs\600119\600119_20260427_T6MZ.pdf,1350617,ok,DQBG 分类命中（唯一候选）,已存在，跳过（1.4 MB）
600120,浙江东方,2025,年报,浙江东方控股集团股份有限公司2025年年度报告,2026-04-18,http://www.sse.com.cn/disclosure/listedinfo/announcement/c/new/2026-04-18/600120_20260418_25SG.pdf,600120_20260418_25SG.pdf,data\pdfs\600120\600120_20260418_25SG.pdf,1781778,ok,DQBG 分类命中（唯一候选）,已存在，跳过（1.8 MB）
600121,郑州煤电,2025,年报,郑州煤电股份有限公司2025年年度报告,2026-03-28,http://www.sse.com.cn/disclosure/listedinfo/announcement/c/new/2026-03-28/600121_20260328_RHM8.pdf,600121_20260328_RHM8.pdf,data\pdfs\600121\600121_20260328_RHM8.pdf,1592060,ok,DQBG 分类命中（唯一候选）,已存在，跳过（1.6 MB）
600123,兰花科创,2025,年报,兰花科创2025年度报告,2026-04-24,http://www.sse.com.cn/disclosure/listedinfo/announcement/c/new/2026-04-24/600123_20260424_6CWO.pdf,600123_20260424_6CWO.pdf,data\pdfs\600123\600123_20260424_6CWO.pdf,1593378,ok,DQBG 分类命中（唯一候选）,已存在，跳过（1.6 MB）
600125,铁龙物流,2025,年报,中铁铁龙集装箱物流股份有限公司2025年年度报告,2026-04-09,http://www.sse.com.cn/disclosure/listedinfo/announcement/c/new/2026-04-09/600125_20260409_TE3K.pdf,600125_20260409_TE3K.pdf,data\pdfs\600125\600125_20260409_TE3K.pdf,1196841,ok,DQBG 分类命中（唯一候选）,已存在，跳过（1.2 MB）
600126,杭钢股份,2025,年报,杭州钢铁股份有限公司2025年年度报告,2026-04-18,http://www.sse.com.cn/disclosure/listedinfo/announcement/c/new/2026-04-18/600126_20260418_OVJX.pdf,600126_20260418_OVJX.pdf,data\pdfs\600126\600126_20260418_OVJX.pdf,1348348,ok,DQBG 分类命中（唯一候选）,已存在，跳过（1.3 MB）
600127,金健米业,2025,年报,金健米业2025年年度报告,2026-04-09,http://www.sse.com.cn/disclosure/listedinfo/announcement/c/new/2026-04-09/600127_20260409_8M4E.pdf,600127_20260409_8M4E.pdf,data\pdfs\600127\600127_20260409_8M4E.pdf,2023686,ok,DQBG 分类命中（唯一候选）,已存在，跳过（2.0 MB）
600128,苏豪弘业,2025,年报,苏豪弘业2025年年度报告,2026-04-08,http://www.sse.com.cn/disclosure/listedinfo/announcement/c/new/2026-04-08/600128_20260408_NQYN.pdf,600128_20260408_NQYN.pdf,data\pdfs\600128\600128_20260408_NQYN.pdf,1536807,ok,DQBG 分类命中（唯一候选）,已存在，跳过（1.5 MB）
600129,太极集团,2025,年报,太极集团2025年年度报告,2026-03-28,http://www.sse.com.cn/disclosure/listedinfo/announcement/c/new/2026-03-28/600129_20260328_7E10.pdf,600129_20260328_7E10.pdf,data\pdfs\600129\600129_20260328_7E10.pdf,1806485,ok,DQBG 分类命中（唯一候选）,已存在，跳过（1.8 MB）
600130,波导股份,2025,年报,*ST波导2025年年度报告,2026-04-08,http://www.sse.com.cn/disclosure/listedinfo/announcement/c/new/2026-04-08/600130_20260408_Y9L8.pdf,600130_20260408_Y9L8.pdf,data\pdfs\600130\600130_20260408_Y9L8.pdf,1128941,ok,DQBG 分类命中（唯一候选）,已存在，跳过（1.1 MB）
600131,国网信通,2025,年报,国网信息通信股份有限公司2025年年度报告,2026-04-25,http://www.sse.com.cn/disclosure/listedinfo/announcement/c/new/2026-04-25/600131_20260425_1DMO.pdf,600131_20260425_1DMO.pdf,data\pdfs\600131\600131_20260425_1DMO.pdf,2463518,ok,DQBG 分类命中（唯一候选）,已存在，跳过（2.5 MB）
600132,重庆啤酒,2025,其它,重庆啤酒股份有限公司2025年年度报告,2026-03-11,http://www.sse.com.cn/disclosure/listedinfo/announcement/c/new/2026-03-11/600132_20260311_KD05.pdf,600132_20260311_KD05.pdf,data\pdfs\600132\600132_20260311_KD05.pdf,23932765,ok,兜底命中，原标题分类为『其它』（唯一候选）,已存在，跳过（23.9 MB）
600133,东湖高新,2025,年报,2025年年度报告,2026-04-28,http://www.sse.com.cn/disclosure/listedinfo/announcement/c/new/2026-04-28/600133_20260428_IRGB.pdf,600133_20260428_IRGB.pdf,data\pdfs\600133\600133_20260428_IRGB.pdf,1927125,ok,DQBG 分类命中（唯一候选）,已存在，跳过（1.9 MB）
