code,name,metric,value,page,label,n_hits
600000,浦发银行,营业收入,"173,964.00",28,营业收入,6
600000,浦发银行,利润总额,"53,374.00",28,利润总额,4
600000,浦发银行,归母净利润,"50,017.00",28,归属于母公司股东的净利润,3
600000,浦发银行,经营活动现金流量净额,"375,836.00",28,经营活动产生的现金流量净额,2
600000,浦发银行,归母净资产,"816,914.00",80,归属于母公司股东权益合计,1
600000,浦发银行,总资产,"10,081,746.00",322,资产总计,1
600000,浦发银行,基本每股收益,1.52,28,基本每股收益,2
600004,白云机场,营业收入,"7,955,002,081.35",5,营业收入,7
600004,白云机场,利润总额,"1,976,230,388.23",5,利润总额,3
600004,白云机场,归母净利润,"1,468,348,737.38",5,归属于上市公司股东的净利润,2
600004,白云机场,经营活动现金流量净额,"3,074,788,371.68",5,经营活动产生的现金流量净额,6
600004,白云机场,归母净资产,"21,024,452,011.67",5,归属于上市公司股东的净资产,3
600004,白云机场,总资产,"29,677,988,460.37",5,总资产,4
600004,白云机场,基本每股收益,0.62,6,基本每股收益（元／股）,1
600006,东风股份,营业收入,"8,858,062,241.72",5,营业收入,7
600006,东风股份,利润总额,"-482,964,343.90",5,利润总额,2
600006,东风股份,归母净利润,"-479,572,267.09",5,归属于上市公司股东的净利润,2
600006,东风股份,经营活动现金流量净额,"-797,462,571.82",6,经营活动产生的现金流量净额,3
600006,东风股份,归母净资产,"7,787,257,523.50",5,归属于上市公司股东的净资产,3
600006,东风股份,总资产,"15,964,907,112.12",5,总资产,4
600006,东风股份,基本每股收益,-0.24,5,基本每股收益（元/股）,2
600007,中国国贸,营业收入,"3,770,059,098.00",11,营业收入,4
600007,中国国贸,利润总额,"1,605,202,012.00",11,利润总额,3
600007,中国国贸,归母净利润,"1,202,295,738.00",11,归属于上市公司股东的净利润,3
600007,中国国贸,经营活动现金流量净额,"1,575,080,047.00",11,经营活动产生的现金流量净额,5
600007,中国国贸,归母净资产,"9,747,365,058.00",11,归属于上市公司股东的净资产,2
600007,中国国贸,总资产,"11,453,565,313.00",11,总资产,2
600007,中国国贸,基本每股收益,1.19,131,基本每股收益,1
600008,首创环保,营业收入,"18,885,592,685.09",7,营业收入,8
600008,首创环保,利润总额,"2,936,298,518.05",7,利润总额,2
600008,首创环保,归母净利润,"1,771,876,566.48",7,归属于上市公司股东的净利润,2
600008,首创环保,经营活动现金流量净额,"3,761,575,610.48",7,经营活动产生的现金流量净额,6
600008,首创环保,归母净资产,"30,739,137,702.27",7,归属于上市公司股东的净资产,3
600008,首创环保,总资产,"109,128,582,749.51",7,总资产,4
600008,首创环保,基本每股收益,0.24,7,基本每股收益（元/股）,1
600009,上海机场,营业收入,"13,346,192,164.12",6,营业收入,7
600009,上海机场,利润总额,"3,019,986,074.44",6,利润总额,2
600009,上海机场,归母净利润,"2,116,775,136.25",6,归属于上市公司股东的净利润,2
600009,上海机场,经营活动现金流量净额,"5,981,731,896.44",6,经营活动产生的现金流量净额,5
600009,上海机场,归母净资产,"42,539,846,961.27",6,归属于上市公司股东的净资产,3
600009,上海机场,总资产,"71,678,547,661.74",6,总资产,4
600009,上海机场,基本每股收益,0.85,6,基本每股收益（元／股）,1
600010,包钢股份,营业收入,"66,357,524,000.64",5,营业收入,7
600010,包钢股份,利润总额,"490,435,929.21",5,利润总额,2
600010,包钢股份,归母净利润,"373,622,495.09",5,归属于上市公司股东的净利润,2
600010,包钢股份,经营活动现金流量净额,"2,570,985,391.52",5,经营活动产生的现金流量净额,6
600010,包钢股份,归母净资产,"52,044,946,910.67",5,归属于上市公司股东的净资产,3
600010,包钢股份,总资产,"151,673,460,592.94",5,总资产,4
600010,包钢股份,基本每股收益,0.01,5,基本每股收益（元／股）,1
600011,华能国际,营业收入,"229,288,057,955.00",6,营业收入,13
600011,华能国际,利润总额,"23,643,942,299.00",6,利润总额,2
600011,华能国际,归母净利润,"14,409,553,809.00",6,归属于上市公司股东的净利润,2
600011,华能国际,经营活动现金流量净额,"67,212,899,994.00",6,经营活动产生的现金流量净额,6
600011,华能国际,归母净资产,"142,468,648,190.00",6,归属于上市公司股东的净资产,5
600011,华能国际,总资产,"611,789,826,893.00",6,总资产,6
600011,华能国际,基本每股收益,0.74,7,基本每股收益（元／股）,2
600012,皖通高速,营业收入,"6,721,574,180.34",9,营业收入,7
600012,皖通高速,利润总额,"2,608,435,549.40",9,利润总额,2
600012,皖通高速,归母净利润,"1,877,443,900.82",9,归属于上市公司股东的净利润,2
600012,皖通高速,经营活动现金流量净额,"3,539,492,972.51",9,经营活动产生的现金流量净额,6
600012,皖通高速,归母净资产,"12,802,330,387.77",9,归属于上市公司股东的净资产,3
600012,皖通高速,总资产,"30,408,343,193.82",9,总资产,4
600012,皖通高速,基本每股收益,1.12,10,基本每股收益（元/股）,1
600015,华夏银行,营业收入,"91,914.00",9,营业收入,6
600015,华夏银行,利润总额,"34,174.00",9,利润总额,5
600015,华夏银行,归母净利润,"27,200.00",9,归属于上市公司股东的净利润,2
600015,华夏银行,经营活动现金流量净额,"69,063.00",9,经营活动产生的现金流量净额,4
600015,华夏银行,归母净资产,"395,746.00",9,归属于上市公司股东的净资产,1
600015,华夏银行,总资产,"4,737,619.00",121,资产总计,1
600015,华夏银行,基本每股收益,1.62,9,基本每股收益,1
600016,民生银行,营业收入,"142,865.00",15,营业收入,5
600016,民生银行,利润总额,"32,259.00",15,利润总额,5
600016,民生银行,归母净利润,"30,563.00",15,归属于本行股东的净利润,4
600016,民生银行,经营活动现金流量净额,"-157,476.00",47,经营活动产生的现金流量净额,2
600016,民生银行,归母净资产,"689,637.00",215,归属于本行所有者的权益,1
600016,民生银行,总资产,"7,832,567.00",119,资产总计,15
600016,民生银行,基本每股收益,,,,0
600017,日照港,营业收入,"7,816,506,372.83",6,营业收入,7
600017,日照港,利润总额,"749,662,334.41",6,利润总额,2
600017,日照港,归母净利润,"494,751,561.29",6,归属于上市公司股东的净利润,2
600017,日照港,经营活动现金流量净额,"2,213,472,409.35",6,经营活动产生的现金流量净额,6
600017,日照港,归母净资产,"13,959,838,979.50",6,归属于上市公司股东的净资产,3
600017,日照港,总资产,"40,225,483,053.38",6,总资产,4
600017,日照港,基本每股收益,0.16,6,基本每股收益（元/股）,1
600018,上港集团,营业收入,"39,611,497,351.53",7,营业收入,7
600018,上港集团,利润总额,"18,210,725,308.28",7,利润总额,1
600018,上港集团,归母净利润,"14,954,353,821.25",7,归属于上市公司股东的净利润,2
600018,上港集团,经营活动现金流量净额,"11,803,101,933.55",7,经营活动产生的现金流量净额,7
600018,上港集团,归母净资产,"140,941,511,746.60",7,归属于上市公司股东的净资产,3
600018,上港集团,总资产,"221,735,642,992.73",7,总资产,6
600018,上港集团,基本每股收益,0.58,7,基本每股收益（元/股）,1
600019,宝钢股份,营业收入,"317,508.00",6,营业收入,10
600019,宝钢股份,利润总额,"13,157.00",6,利润总额,2
600019,宝钢股份,归母净利润,"10,346.00",6,归属于上市公司股东的净利润,2
600019,宝钢股份,经营活动现金流量净额,"33,597.00",6,经营活动产生的现金流量净额,8
600019,宝钢股份,归母净资产,"206,165.00",6,归属于上市公司股东的净资产,5
600019,宝钢股份,总资产,"363,020.00",6,总资产,7
600019,宝钢股份,基本每股收益,0.48,7,基本每股收益（元/股）,1
600020,中原高速,营业收入,"6,598,781,551.16",6,营业收入,8
600020,中原高速,利润总额,"1,178,344,931.83",6,利润总额,2
600020,中原高速,归母净利润,"628,486,055.17",6,归属于上市公司股东的净利润,2
600020,中原高速,经营活动现金流量净额,"2,456,202,493.30",6,经营活动产生的现金流量净额,6
600020,中原高速,归母净资产,"15,632,636,471.68",6,归属于上市公司股东的净资产,3
600020,中原高速,总资产,"53,545,897,731.88",6,总资产,4
600020,中原高速,基本每股收益,0.23,6,基本每股收益（元／股）,1
600021,上海电力,营业收入,"41,858,345,423.78",6,营业收入,7
600021,上海电力,利润总额,"6,483,819,562.57",6,利润总额,2
600021,上海电力,归母净利润,"2,767,376,498.04",6,归属于上市公司股东的净利润,2
600021,上海电力,经营活动现金流量净额,"13,076,133,546.29",6,经营活动产生的现金流量净额,7
600021,上海电力,归母净资产,"34,074,102,878.96",103,归属于母公司所有者权益（或股东权益）合计,3
600021,上海电力,总资产,"206,621,804,078.57",6,总资产,5
600021,上海电力,基本每股收益,0.87,7,基本每股收益（元／股）,1
600022,山东钢铁,营业收入,"67,252,824,464.84",7,营业收入,7
600022,山东钢铁,利润总额,"484,723,551.07",7,利润总额,2
600022,山东钢铁,归母净利润,"105,944,958.44",7,归属于上市公司股东的净利润,2
600022,山东钢铁,经营活动现金流量净额,"4,393,581,721.72",7,经营活动产生的现金流量净额,7
600022,山东钢铁,归母净资产,"19,007,536,896.98",7,归属于上市公司股东的净资产,4
600022,山东钢铁,总资产,"81,199,915,164.20",7,总资产,5
600022,山东钢铁,基本每股收益,0.01,7,基本每股收益（元/股）,1
600023,浙能电力,营业收入,"79,553,931,304.55",6,营业收入,9
600023,浙能电力,利润总额,"9,079,644,883.05",6,利润总额,3
600023,浙能电力,归母净利润,"7,528,041,660.90",6,归属于上市公司股东的净利润,2
600023,浙能电力,经营活动现金流量净额,"11,453,605,477.23",6,经营活动产生的现金流量净额,6
600023,浙能电力,归母净资产,"76,512,396,209.44",6,归属于上市公司股东的净资产,4
600023,浙能电力,总资产,"156,337,713,781.70",6,总资产,6
600023,浙能电力,基本每股收益,0.56,6,基本每股收益（元/股）,1
600025,华能水电,营业收入,"26,595,330,703.95",6,营业收入,6
600025,华能水电,利润总额,"10,767,871,496.69",6,利润总额,2
600025,华能水电,归母净利润,"8,504,138,221.82",6,归属于上市公司股东的净利润,2
600025,华能水电,经营活动现金流量净额,"19,048,606,224.95",6,经营活动产生的现金流量净额,6
600025,华能水电,归母净资产,"81,959,909,489.75",6,归属于上市公司股东的净资产,3
600025,华能水电,总资产,"226,717,001,711.92",6,总资产,3
600025,华能水电,基本每股收益,0.45,7,基本每股收益（元／股）,1
600026,中远海能,营业收入,"23,892,259,789.49",7,营业收入,8
600026,中远海能,利润总额,"5,356,649,868.53",7,利润总额,2
600026,中远海能,归母净利润,"4,037,310,920.74",7,归属于上市公司股东的净利润,2
600026,中远海能,经营活动现金流量净额,"7,389,147,370.26",7,经营活动产生的现金流量净额,7
600026,中远海能,归母净资产,"46,405,181,844.18",7,归属于上市公司股东的净资产,4
600026,中远海能,总资产,"92,078,580,074.13",7,总资产,5
600026,中远海能,基本每股收益,0.83,7,基本每股收益（元/股）,1
600027,华电国际,营业收入,"126,012,591.00",8,营业收入,7
600027,华电国际,利润总额,"10,647,781.00",8,利润总额,1
600027,华电国际,归母净利润,"6,070,315.00",8,归属于上市公司股东的净利润,2
600027,华电国际,经营活动现金流量净额,"27,220,563.00",8,经营活动产生的现金流量净额,6
600027,华电国际,归母净资产,"69,162,202.00",8,归属于上市公司股东的净资产,3
600027,华电国际,总资产,"264,230,768.00",8,总资产,6
600027,华电国际,基本每股收益,0.49,9,基本每股收益（元/股）,2
600028,中国石化,营业收入,"2,783,583.00",5,营业收入,11
600028,中国石化,利润总额,"43,184.00",5,利润总额,4
600028,中国石化,归母净利润,"31,809.00",5,归属于母公司股东的净利润,3
600028,中国石化,经营活动现金流量净额,"162,496.00",5,经营活动产生的现金流量净额,5
600028,中国石化,归母净资产,"830,324.00",5,归属于母公司股东权益,2
600028,中国石化,总资产,"2,153,485.00",28,总资产,3
600028,中国石化,基本每股收益,0.26,5,基本每股收益,2
600029,南方航空,营业收入,"182,256.00",8,营业收入,5
600029,南方航空,利润总额,"4,811.00",8,利润总额,1
600029,南方航空,归母净利润,857.00,8,归属于上市公司股东的净利润/(亏损),2
600029,南方航空,经营活动现金流量净额,"38,209.00",8,经营活动产生的现金流量净额,6
600029,南方航空,归母净资产,"35,580.00",8,归属于上市公司股东的净资产,2
600029,南方航空,总资产,"349,814.00",8,总资产,5
600029,南方航空,基本每股收益,0.05,8,基本每股收益/(亏损)（元／股),2
600030,中信证券,营业收入,"74,854,368,352.85",19,营业收入,7
600030,中信证券,利润总额,"39,822,903,030.26",19,利润总额,4
600030,中信证券,归母净利润,"30,076,100,951.50",19,归属于母公司股 东的净利润,2
600030,中信证券,经营活动现金流量净额,"-53,360,099,403.62",21,经营活动产生的现金流量净额,4
600030,中信证券,归母净资产,"319,930,442,478.96",178,归属于母公司股东权益合计,1
600030,中信证券,总资产,"2,224,630.00",330,资产总计,2
600030,中信证券,基本每股收益,1.96,20,基本每股收益（元／股）,2
600031,三一重工,营业收入,"89,231,023.00",6,营业收入,6
600031,三一重工,利润总额,"9,907,171.00",6,利润总额,2
600031,三一重工,归母净利润,"8,408,057.00",6,归属于上市公司股东的净利润,2
600031,三一重工,经营活动现金流量净额,"19,975,261.00",6,经营活动产生的现金流量净额,7
600031,三一重工,归母净资产,"88,331,244.00",6,归属于上市公司股东的净资产,2
600031,三一重工,总资产,"173,299,138.00",6,总资产,3
600031,三一重工,基本每股收益,0.98,7,基本每股收益（元／股）,1
600032,浙江新能,营业收入,"4,876,154,927.31",8,营业收入,8
600032,浙江新能,利润总额,"910,775,899.96",8,利润总额,2
600032,浙江新能,归母净利润,"505,929,621.97",8,归属于上市公司股东的净利润,2
600032,浙江新能,经营活动现金流量净额,"4,500,327,841.70",8,经营活动产生的现金流量净额,7
600032,浙江新能,归母净资产,"12,812,085,079.49",8,归属于上市公司股东的净资产,4
600032,浙江新能,总资产,"58,658,205,206.05",8,总资产,5
600032,浙江新能,基本每股收益,0.21,8,基本每股收益（元／股）,1
600033,福建高速,营业收入,"3,049,016,105.68",7,营业收入,6
600033,福建高速,利润总额,"1,579,817,433.26",7,利润总额,2
600033,福建高速,归母净利润,"948,283,788.91",7,归属于上市公司股东的净利润,2
600033,福建高速,经营活动现金流量净额,"2,785,399,912.72",7,经营活动产生的现金流量净额,6
600033,福建高速,归母净资产,"12,411,482,886.16",7,归属于上市公司股东的净资产,2
600033,福建高速,总资产,"17,826,294,225.66",7,总资产,3
600033,福建高速,基本每股收益,0.35,7,基本每股收益（元／股）,1
600035,楚天高速,营业收入,"6,573,510,358.80",7,营业收入,7
600035,楚天高速,利润总额,"753,134,481.10",7,利润总额,3
600035,楚天高速,归母净利润,"539,892,402.46",7,归属于上市公司股东的净利润,2
600035,楚天高速,经营活动现金流量净额,"1,496,124,975.59",7,经营活动产生的现金流量净额,5
600035,楚天高速,归母净资产,"8,630,904,086.07",7,归属于上市公司股东的净资产,3
600035,楚天高速,总资产,"24,043,321,221.66",7,总资产,3
600035,楚天高速,基本每股收益,0.34,7,基本每股收益（元／股）,1
600036,招商银行,营业收入,"337,532.00",14,营业收入,3
600036,招商银行,利润总额,"178,993.00",14,利润总额,4
600036,招商银行,归母净利润,"150,181.00",14,归属于本行股东的净利润,4
600036,招商银行,经营活动现金流量净额,"451,457.00",14,经营活动产生的现金流量净额,4
600036,招商银行,归母净资产,"1,272,875.00",15,归属于本行股东权益,4
600036,招商银行,总资产,"13,070,523.00",15,总资产,16
600036,招商银行,基本每股收益,5.70,14,基本每股收益,1
600037,歌华有线,营业收入,"2,219,754,557.95",6,营业收入,6
600037,歌华有线,利润总额,"38,573,485.94",6,利润总额,2
600037,歌华有线,归母净利润,"34,313,119.27",6,归属于上市公司股东的净利润,2
600037,歌华有线,经营活动现金流量净额,"174,708,357.94",6,经营活动产生的现金流量净额,7
600037,歌华有线,归母净资产,"12,710,531,965.94",76,归属于母公司所有者权益（或股东权益）合计,2
600037,歌华有线,总资产,"15,918,170,580.01",6,总资产,4
600037,歌华有线,基本每股收益,0.02,7,基本每股收益（元/股）,1
600038,中直股份,营业收入,"29,086,417,692.19",7,营业收入,7
600038,中直股份,利润总额,"615,385,869.75",7,利润总额,3
600038,中直股份,归母净利润,"651,865,073.68",7,归属于上市公司股东的净利润,2
600038,中直股份,经营活动现金流量净额,"-10,776,483,173.76",7,经营活动产生的现金流量净额,6
600038,中直股份,归母净资产,"17,578,760,384.36",7,归属于上市公司股东的净资产,3
600038,中直股份,总资产,"51,538,031,419.83",7,总资产,4
600038,中直股份,基本每股收益,0.80,7,基本每股收益（元／股）,1
600039,四川路桥,营业收入,"115,111,412,828.74",8,营业收入,7
600039,四川路桥,利润总额,"9,360,479,595.20",8,利润总额,2
600039,四川路桥,归母净利润,"7,296,866,124.06",8,归属于上市公司股东的净利润,2
600039,四川路桥,经营活动现金流量净额,"7,722,656,091.81",8,经营活动产生的现金流量净额,7
600039,四川路桥,归母净资产,"52,817,057,556.80",8,归属于上市公司股东的净资产,2
600039,四川路桥,总资产,"267,673,535,809.41",8,总资产,4
600039,四川路桥,基本每股收益,0.84,8,基本每股收益（元/股）,1
600048,保利发展,营业收入,"30,814,418.96",5,营业收入,6
600048,保利发展,利润总额,"973,737.49",5,利润总额,2
600048,保利发展,归母净利润,"103,469.81",5,归属于上市公司股东的净利润,2
600048,保利发展,经营活动现金流量净额,"1,518,914.87",5,经营活动产生的现金流量净额,7
600048,保利发展,归母净资产,"19,188,876.93",5,归属于上市公司股东的净资产,2
600048,保利发展,总资产,"118,829,241.94",5,总资产,3
600048,保利发展,基本每股收益,0.09,5,基本每股收益（元/股）,2
600050,中国联通,营业收入,"392,222,880,560.00",7,营业收入,5
600050,中国联通,利润总额,"25,302,808,365.00",7,利润总额,3
600050,中国联通,归母净利润,"9,126,662,570.00",7,归属于上市公司股东的净利润,3
600050,中国联通,经营活动现金流量净额,"91,410,552,538.00",7,经营活动产生的现金流量净额,6
600050,中国联通,归母净资产,"168,591,217,309.00",7,归属于上市公司股东的净资产,2
600050,中国联通,总资产,"671,056,308,815.00",7,总资产,3
600050,中国联通,基本每股收益,0.29,7,基本每股收益（元／股）,2
600051,宁波联合,营业收入,"1,267,561,246.52",6,营业收入,8
600051,宁波联合,利润总额,"59,820,012.67",6,利润总额,2
600051,宁波联合,归母净利润,"84,387,429.20",6,归属于上市公司股东的净利润,2
600051,宁波联合,经营活动现金流量净额,"443,035,201.32",6,经营活动产生的现金流量净额,6
600051,宁波联合,归母净资产,"3,413,876,263.71",6,归属于上市公司股东的净资产,3
600051,宁波联合,总资产,"4,500,398,357.31",6,总资产,4
600051,宁波联合,基本每股收益,0.27,7,基本每股收益（元/股）,2
600052,东望时代,营业收入,"589,142,446.87",8,营业收入,7
600052,东望时代,利润总额,"-479,991,193.83",8,利润总额,1
600052,东望时代,归母净利润,"-366,920,790.29",8,归属于上市公司股东的净利润,2
600052,东望时代,经营活动现金流量净额,"165,319,456.61",8,经营活动产生的现金流量净额,6
600052,东望时代,归母净资产,"2,178,730,704.66",8,归属于上市公司股东的净资产,2
600052,东望时代,总资产,-12.60,8,总资产,2
600052,东望时代,基本每股收益,-0.55,8,基本每股收益（元／股）,1
600053,*ST九鼎,营业收入,"281,422,516.53",10,营业收入,7
600053,*ST九鼎,利润总额,"-279,899,414.96",10,利润总额,2
600053,*ST九鼎,归母净利润,"-357,667,021.85",10,归属于上市公司股东的净利润,2
600053,*ST九鼎,经营活动现金流量净额,"-71,012,787.30",10,经营活动产生的现金流量净额,7
600053,*ST九鼎,归母净资产,"2,262,166,020.81",10,归属于上市公司股东的净资产,3
600053,*ST九鼎,总资产,"2,721,178,769.88",10,总资产,4
600053,*ST九鼎,基本每股收益,-0.82,10,基本每股收益（元／股）,1
600054,黄山旅游,营业收入,"1,931,131,905.50",6,营业收入,6
600054,黄山旅游,利润总额,"490,205,451.55",6,利润总额,2
600054,黄山旅游,归母净利润,"315,009,002.14",6,归属于上市公司股东的净利润,2
600054,黄山旅游,经营活动现金流量净额,"521,663,003.98",6,经营活动产生的现金流量净额,7
600054,黄山旅游,归母净资产,"4,778,366,895.82",6,归属于上市公司股东的净资产,2
600054,黄山旅游,总资产,"6,110,738,966.48",6,总资产,3
600054,黄山旅游,基本每股收益,0.40,7,基本每股收益（元/股）,1
600055,万东医疗,营业收入,"1,346,993,071.19",6,营业收入,6
600055,万东医疗,利润总额,"-300,514,608.35",6,利润总额,2
600055,万东医疗,归母净利润,"-227,860,105.15",6,归属于上市公司股东的净利润,1
600055,万东医疗,经营活动现金流量净额,"-251,953,240.28",6,经营活动产生的现金流量净额,6
600055,万东医疗,归母净资产,"4,767,546,579.04",6,归属于上市公司股东的净资产,2
600055,万东医疗,总资产,"5,470,493,043.29",6,总资产,3
600055,万东医疗,基本每股收益,-0.32,7,基本每股收益（元/股）,1
600056,中国医药,营业收入,"35,361,621,734.95",6,营业收入,8
600056,中国医药,利润总额,"999,294,796.62",6,利润总额,2
600056,中国医药,归母净利润,"473,229,055.14",6,归属于上市公司股东的净利润,2
600056,中国医药,经营活动现金流量净额,"1,425,879,279.02",6,经营活动产生的现金流量净额,6
600056,中国医药,归母净资产,"11,835,948,719.71",6,归属于上市公司股东的净资产,3
600056,中国医药,总资产,"36,870,969,807.77",6,总资产,4
600056,中国医药,基本每股收益,0.32,6,基本每股收益（元／股）,1
600057,厦门象屿,营业收入,"41,029,122.28",6,营业收入,6
600057,厦门象屿,利润总额,"227,043.10",6,利润总额,2
600057,厦门象屿,归母净利润,"129,299.41",6,归属于上市公司股东的净利润,2
600057,厦门象屿,经营活动现金流量净额,"1,009,734.37",6,经营活动产生的现金流量净额,6
600057,厦门象屿,归母净资产,"3,165,338.38",6,归属于上市公司股东的净资产,2
600057,厦门象屿,总资产,"12,869,705.04",6,总资产,3
600057,厦门象屿,基本每股收益,0.30,6,基本每股收益（元/股）,1
600058,五矿发展,营业收入,"52,822,973,783.84",6,营业收入,9
600058,五矿发展,利润总额,"176,114,042.66",6,利润总额,2
600058,五矿发展,归母净利润,"19,103,827.28",6,归属于上市公司股东的净利润,2
600058,五矿发展,经营活动现金流量净额,"1,223,385,423.41",6,经营活动产生的现金流量净额,6
600058,五矿发展,归母净资产,"7,416,101,715.52",6,归属于上市公司股东的净资产,4
600058,五矿发展,总资产,"22,717,652,390.11",6,总资产,5
600058,五矿发展,基本每股收益,-0.05,6,基本每股收益（元／股）,1
600059,古越龙山,营业收入,"1,830,840,685.49",5,营业收入,6
600059,古越龙山,利润总额,"299,628,465.22",5,利润总额,2
600059,古越龙山,归母净利润,"222,300,238.50",5,归属于上市公司股东的净利润,2
600059,古越龙山,经营活动现金流量净额,"337,308,759.67",5,经营活动产生的现金流量净额,6
600059,古越龙山,归母净资产,"5,857,754,713.21",5,归属于上市公司股东的净资产,2
600059,古越龙山,总资产,"6,891,144,356.65",5,总资产,3
600059,古越龙山,基本每股收益,0.25,5,基本每股收益（元/股）,1
600060,海信视像,营业收入,"57,679,224,941.74",8,营业收入,6
600060,海信视像,利润总额,"3,227,317,499.91",8,利润总额,2
600060,海信视像,归母净利润,"2,454,011,405.43",8,归属于上市公司股东的净利润,2
600060,海信视像,经营活动现金流量净额,"4,583,216,212.72",8,经营活动产生的现金流量净额,7
600060,海信视像,归母净资产,"21,260,164,263.26",8,归属于上市公司股东的净资产,2
600060,海信视像,总资产,"44,581,470,338.79",8,总资产,3
600060,海信视像,基本每股收益,1.89,9,基本每股收益（元/股）,1
600061,国投资本,营业收入,"13,544,250,146.32",12,营业总收入,12
600061,国投资本,利润总额,"4,659,177,571.61",12,利润总额,2
600061,国投资本,归母净利润,"3,279,299,080.12",12,归属于上市公司股东的净利润,2
600061,国投资本,经营活动现金流量净额,"14,885,318,419.60",12,经营活动产生的现金流量净额,6
600061,国投资本,归母净资产,"56,736,027,343.45",12,归属于上市公司股东的净资产,3
600061,国投资本,总资产,"329,427,010,246.29",12,总资产,4
600061,国投资本,基本每股收益,0.50,12,基本每股收益（元／股）,1
600062,华润双鹤,营业收入,"11,000,795,324.94",8,营业收入,8
600062,华润双鹤,利润总额,"1,910,741,542.40",8,利润总额,2
600062,华润双鹤,归母净利润,"1,646,949,551.48",8,归属于上市公司股东的净利润,2
600062,华润双鹤,经营活动现金流量净额,"1,489,514,452.20",8,经营活动产生的现金流量净额,6
600062,华润双鹤,归母净资产,"11,634,009,883.13",8,归属于上市公司股东的净资产,1
600062,华润双鹤,总资产,"17,009,183,062.74",8,总资产,6
600062,华润双鹤,基本每股收益,1.59,8,基本每股收益(元/股),2
600063,皖维高新,营业收入,"8,012,280,751.36",7,营业收入,5
600063,皖维高新,利润总额,"491,216,334.58",7,利润总额,2
600063,皖维高新,归母净利润,"433,994,145.52",7,归属于上市公司股东的净利润,2
600063,皖维高新,经营活动现金流量净额,"334,888,738.08",7,经营活动产生的现金流量净额,6
600063,皖维高新,归母净资产,"8,385,970,795.59",7,归属于上市公司股东的净资产,2
600063,皖维高新,总资产,"15,697,895,177.31",7,总资产,3
600063,皖维高新,基本每股收益,0.21,7,基本每股收益（元／股）,1
600064,南京高科,营业收入,"3,412,703,872.49",7,营业收入,8
600064,南京高科,利润总额,"1,708,413,785.52",7,利润总额,2
600064,南京高科,归母净利润,"1,830,225,541.66",7,归属于上市公司股东的净利润,2
600064,南京高科,经营活动现金流量净额,"980,519,893.59",7,经营活动产生的现金流量净额,6
600064,南京高科,归母净资产,"19,099,370,221.40",7,归属于上市公司股东的净资产,5
600064,南京高科,总资产,"38,504,127,546.27",7,总资产,6
600064,南京高科,基本每股收益,1.06,7,基本每股收益（元／股）,1
600066,宇通客车,营业收入,"4,142,617.40",5,营业收入,6
600066,宇通客车,利润总额,"651,869.46",5,利润总额,3
600066,宇通客车,归母净利润,"555,448.20",5,归属于上市公司股东的净利润,2
600066,宇通客车,经营活动现金流量净额,"319,667.98",5,经营活动产生的现金流量净额,6
600066,宇通客车,归母净资产,"1,560,198.80",5,归属于上市公司股东的净资产,2
600066,宇通客车,总资产,"3,299,024.61",5,总资产,1
600066,宇通客车,基本每股收益,2.51,5,基本每股收益（元／股）,1
600067,冠城新材,营业收入,"12,390,267,707.50",7,营业收入,8
600067,冠城新材,利润总额,"276,729,594.92",7,利润总额,3
600067,冠城新材,归母净利润,"74,681,574.81",7,归属于上市公司股东的净利润,2
600067,冠城新材,经营活动现金流量净额,"1,542,984,457.31",7,经营活动产生的现金流量净额,7
600067,冠城新材,归母净资产,"5,615,074,655.85",7,归属于上市公司股东的净资产,3
600067,冠城新材,总资产,"16,246,728,278.27",7,总资产,4
600067,冠城新材,基本每股收益,0.05,7,基本每股收益（元/股）,1
600071,凤凰光学,营业收入,"1,601,065,405.90",5,营业收入,7
600071,凤凰光学,利润总额,"36,696,739.27",5,利润总额,3
600071,凤凰光学,归母净利润,"34,422,270.67",5,归属于上市公司股东的净利润,3
600071,凤凰光学,经营活动现金流量净额,"160,689,608.07",5,经营活动产生的现金流量净额,6
600071,凤凰光学,归母净资产,"510,386,391.43",5,归属于上市公司股东的净资产,3
600071,凤凰光学,总资产,"1,996,253,868.93",5,总资产,4
600071,凤凰光学,基本每股收益,0.12,5,基本每股收益（元／股）,1
600072,中船科技,营业收入,"10,351,257,336.28",7,营业收入,8
600072,中船科技,利润总额,"-3,892,103,289.32",7,利润总额,2
600072,中船科技,归母净利润,"-3,386,892,398.75",7,归属于上市公司股东的净利润,2
600072,中船科技,经营活动现金流量净额,"-236,542,673.14",7,经营活动产生的现金流量净额,6
600072,中船科技,归母净资产,"7,798,152,611.20",7,归属于上市公司股东的净资产,3
600072,中船科技,总资产,"45,164,887,728.13",7,总资产,4
600072,中船科技,基本每股收益,-2.25,7,基本每股收益（元/股）,1
600073,光明肉业,营业收入,"22,129,973,192.35",7,营业收入,7
600073,光明肉业,利润总额,"-512,244,432.23",7,利润总额,4
600073,光明肉业,归母净利润,"-132,438,166.82",7,归属于上市公司股东的净利润,2
600073,光明肉业,经营活动现金流量净额,"-188,613,736.92",7,经营活动产生的现金流量净额,6
600073,光明肉业,归母净资产,"4,692,754,387.73",7,归属于上市公司股东的净资产,3
600073,光明肉业,总资产,"14,657,198,299.69",7,总资产,4
600073,光明肉业,基本每股收益,-0.14,7,基本每股收益（元/股）,1
600075,新疆天业,营业收入,"10,487,823,729.91",6,营业收入,7
600075,新疆天业,利润总额,"20,802,614.13",6,利润总额,3
600075,新疆天业,归母净利润,"-57,074,737.49",6,归属于上市公司股东的净利润,2
600075,新疆天业,经营活动现金流量净额,"787,800,388.11",6,经营活动产生的现金流量净额,6
600075,新疆天业,归母净资产,"9,233,174,322.49",6,归属于上市公司股东的净资产,3
600075,新疆天业,总资产,"20,598,030,910.76",6,总资产,4
600075,新疆天业,基本每股收益,-0.03,6,基本每股收益（元/股）,1
600076,康欣新材,营业收入,"376,738,116.54",7,营业收入,7
600076,康欣新材,利润总额,"-385,174,544.71",7,利润总额,1
600076,康欣新材,归母净利润,"-384,604,083.07",7,归属于上市公司股东的净利润,2
600076,康欣新材,经营活动现金流量净额,"-118,935,545.81",7,经营活动产生的现金流量净额,6
600076,康欣新材,归母净资产,"3,611,649,638.12",7,归属于上市公司股东的净资产,2
600076,康欣新材,总资产,"6,658,133,169.98",7,总资产,3
600076,康欣新材,基本每股收益,-0.29,8,基本每股收益（元/股）,1
600078,澄星股份,营业收入,"3,596,286,350.46",6,营业收入,6
600078,澄星股份,利润总额,"135,470,120.15",6,利润总额,2
600078,澄星股份,归母净利润,"8,472,122.07",6,归属于上市公司股东的净利润,2
600078,澄星股份,经营活动现金流量净额,"376,547,791.46",6,经营活动产生的现金流量净额,6
600078,澄星股份,归母净资产,"1,670,620,213.07",6,归属于上市公司股东的净资产,2
600078,澄星股份,总资产,"5,693,708,575.35",6,总资产,3
600078,澄星股份,基本每股收益,0.01,7,基本每股收益（元/股）,1
600079,ST人福,营业收入,"23,962,010,164.64",8,营业收入,5
600079,ST人福,利润总额,"3,056,460,969.58",8,利润总额,2
600079,ST人福,归母净利润,"1,855,334,433.96",8,归属于上市公司股东的净利润,2
600079,ST人福,经营活动现金流量净额,"2,518,723,812.14",8,经营活动产生的现金流量净额,7
600079,ST人福,归母净资产,"18,913,313,552.86",8,归属于上市公司股东的净资产,2
600079,ST人福,总资产,"36,745,121,610.08",8,总资产,3
600079,ST人福,基本每股收益,1.14,8,基本每股收益（元／股）,1
600080,ST金花,营业收入,"544,042,062.96",6,营业收入,8
600080,ST金花,利润总额,"18,569,507.49",6,利润总额,2
600080,ST金花,归母净利润,"15,576,690.75",6,归属于上市公司股东的净利润,2
600080,ST金花,经营活动现金流量净额,"24,765,161.64",6,经营活动产生的现金流量净额,7
600080,ST金花,归母净资产,"1,559,604,502.13",6,归属于上市公司股东的净资产,3
600080,ST金花,总资产,"1,927,960,048.08",6,总资产,4
600080,ST金花,基本每股收益,0.04,6,基本每股收益（元／股）,1
600081,东风科技,营业收入,"6,274,293,277.76",7,营业收入,9
600081,东风科技,利润总额,"187,637,372.66",7,利润总额,3
600081,东风科技,归母净利润,"18,838,464.93",7,归属于上市公司股东的净利润,2
600081,东风科技,经营活动现金流量净额,"207,622,161.49",7,经营活动产生的现金流量净额,6
600081,东风科技,归母净资产,"4,576,859,125.22",7,归属于上市公司股东的净资产,4
600081,东风科技,总资产,"10,273,362,995.59",7,总资产,5
600081,东风科技,基本每股收益,0.03,7,基本每股收益（元／股）,1
600082,ST海泰 ,营业收入,"449,240,562.34",5,营业收入,10
600082,ST海泰 ,利润总额,"-59,601,051.78",5,利润总额,6
600082,ST海泰 ,归母净利润,"-72,983,285.77",5,归属于上市公司股东的净利润,6
600082,ST海泰 ,经营活动现金流量净额,"778,262,931.70",5,经营活动产生的现金流量净额,7
600082,ST海泰 ,归母净资产,"1,703,047,710.93",5,归属于上市公司股东的净资产,2
600082,ST海泰 ,总资产,"2,506,998,795.68",5,总资产,3
600082,ST海泰 ,基本每股收益,-0.11,5,基本每股收益（元/股）,1
600084,*ST尼雅,营业收入,"123,303,801.05",6,营业收入,6
600084,*ST尼雅,利润总额,"-24,870,552.58",6,利润总额,2
600084,*ST尼雅,归母净利润,"-26,075,503.09",6,归属于上市公司股东的净利润,2
600084,*ST尼雅,经营活动现金流量净额,"1,107,268.08",6,经营活动产生的现金流量净额,7
600084,*ST尼雅,归母净资产,"1,267,745,525.66",6,归属于上市公司股东的净资产,2
600084,*ST尼雅,总资产,"1,426,131,639.46",6,总资产,3
600084,*ST尼雅,基本每股收益,-0.02,6,基本每股收益（元/股）,1
600085,同仁堂,营业收入,"1,725,618.51",7,营业收入,7
600085,同仁堂,利润总额,"202,668.90",7,利润总额,2
600085,同仁堂,归母净利润,"118,937.44",7,归属于上市公司股东的净利润,2
600085,同仁堂,经营活动现金流量净额,"269,287.07",7,经营活动产生的现金流量净额,7
600085,同仁堂,归母净资产,"1,365,662.57",7,归属于上市公司股东的净资产,2
600085,同仁堂,总资产,"3,062,111.95",7,总资产,3
600085,同仁堂,基本每股收益,0.87,7,基本每股收益（元／股）,1
600088,中视传媒,营业收入,"1,037,484,312.21",5,营业收入,6
600088,中视传媒,利润总额,"17,330,603.37",5,利润总额,2
600088,中视传媒,归母净利润,"-17,956,761.63",5,归属于上市公司股东的净利润,2
600088,中视传媒,经营活动现金流量净额,"-56,177,528.16",5,经营活动产生的现金流量净额,7
600088,中视传媒,归母净资产,"1,253,960,686.69",5,归属于上市公司股东的净资产,3
600088,中视传媒,总资产,"1,712,845,805.38",5,总资产,4
600088,中视传媒,基本每股收益,-0.04,5,基本每股收益（元/股）,1
600089,特变电工,营业收入,"9,722,653.84",8,营业收入,5
600089,特变电工,利润总额,"805,177.52",8,利润总额,3
600089,特变电工,归母净利润,"595,429.50",8,归属于上市公司股东的净利润,3
600089,特变电工,经营活动现金流量净额,"933,063.10",8,经营活动产生的现金流量净额,7
600089,特变电工,归母净资产,"7,439,182.16",8,归属于上市公司股东的净资产,2
600089,特变电工,总资产,"22,715,038.16",8,总资产,3
600089,特变电工,基本每股收益,1.16,8,基本每股收益（元/股）,1
600094,大名城,营业收入,"2,246,548,569.51",7,营业收入,4
600094,大名城,利润总额,"166,957,234.31",7,利润总额,2
600094,大名城,归母净利润,"143,478,990.09",7,归属于上市公司股东的净利润,2
600094,大名城,经营活动现金流量净额,"648,795,247.52",7,经营活动产生的现金流量净额,6
600094,大名城,归母净资产,"10,270,613,149.51",7,归属于上市公司股东的净资产,2
600094,大名城,总资产,"16,385,767,295.02",7,总资产,3
600094,大名城,基本每股收益,0.06,7,基本每股收益（元／股）,1
600095,湘财股份,营业收入,"2,419,523,292.64",6,营业总收入,12
600095,湘财股份,利润总额,"651,515,918.34",6,利润总额,2
600095,湘财股份,归母净利润,"464,125,694.21",6,归属于上市公司股东的净利润,2
600095,湘财股份,经营活动现金流量净额,"1,644,411,199.11",6,经营活动产生的现金流量净额,6
600095,湘财股份,归母净资产,"12,259,583,545.52",6,归属于上市公司股东的净资产,3
600095,湘财股份,总资产,"43,951,979,188.90",6,总资产,4
600095,湘财股份,基本每股收益,0.16,7,基本每股收益（元／股）,1
600096,云天化,营业收入,"48,414,923,741.78",6,营业收入,7
600096,云天化,利润总额,"6,495,196,443.95",6,利润总额,2
600096,云天化,归母净利润,"5,156,043,643.98",6,归属于上市公司股东的净利润,2
600096,云天化,经营活动现金流量净额,"9,087,217,375.51",6,经营活动产生的现金流量净额,6
600096,云天化,归母净资产,"24,581,339,135.02",6,归属于上市公司股东的净资产,3
600096,云天化,总资产,"50,342,468,471.93",6,总资产,4
600096,云天化,基本每股收益,2.83,6,基本每股收益（元/股）,1
600097,开创国际,营业收入,"2,315,558,903.89",6,营业收入,4
600097,开创国际,利润总额,"81,254,877.27",6,利润总额,1
600097,开创国际,归母净利润,"73,894,019.42",6,归属于上市公司股东的净利润,2
600097,开创国际,经营活动现金流量净额,"167,990,623.18",6,经营活动产生的现金流量净额,6
600097,开创国际,归母净资产,"2,319,151,944.42",6,归属于上市公司股东的净资产,2
600097,开创国际,总资产,"3,430,891,629.87",6,总资产,3
600097,开创国际,基本每股收益,0.31,6,基本每股收益（元/股）,1
600098,广州发展,营业收入,"50,841,626,989.35",7,营业收入,6
600098,广州发展,利润总额,"2,384,046,238.19",7,利润总额,1
600098,广州发展,归母净利润,"2,319,437,070.79",7,归属于上市公司股东的净利润,3
600098,广州发展,经营活动现金流量净额,"5,621,009,168.63",7,经营活动产生的现金流量净额,6
600098,广州发展,归母净资产,"27,194,211,265.61",7,归属于上市公司股东的净资产,2
600098,广州发展,总资产,"82,695,505,159.82",7,总资产,3
600098,广州发展,基本每股收益,0.66,7,基本每股收益（元/股）,2
600099,林海股份,营业收入,7.66,5,营业收入,6
600099,林海股份,利润总额,"27,569,054.89",5,利润总额,3
600099,林海股份,归母净利润,"24,552,718.70",5,归属于上市公司股东的净利润,2
600099,林海股份,经营活动现金流量净额,"126,612,952.37",5,经营活动产生的现金流量净额,6
600099,林海股份,归母净资产,"546,367,458.00",5,归属于上市公司股东的净资产,2
600099,林海股份,总资产,"1,031,205,356.64",5,总资产,3
600099,林海股份,基本每股收益,0.11,6,基本每股收益（元／股）,2
600100,同方股份,营业收入,"15,064,892,096.09",8,营业收入,10
600100,同方股份,利润总额,"371,981,527.34",8,利润总额,1
600100,同方股份,归母净利润,"495,005,722.72",8,归属于上市公司股东的净利润,7
600100,同方股份,经营活动现金流量净额,"1,417,296,493.89",8,经营活动产生的现金流量净额,6
600100,同方股份,归母净资产,"16,108,148,745.52",8,归属于上市公司股东的净资产,5
600100,同方股份,总资产,"49,203,612,780.78",8,总资产,7
600100,同方股份,基本每股收益,0.15,8,基本每股收益（元／股）,2
600101,明星电力,营业收入,"3,021,200,133.31",7,营业收入,8
600101,明星电力,利润总额,"224,614,215.26",7,利润总额,2
600101,明星电力,归母净利润,"184,150,671.02",7,归属于上市公司股东的净利润,2
600101,明星电力,经营活动现金流量净额,"219,691,715.61",7,经营活动产生的现金流量净额,7
600101,明星电力,归母净资产,"3,084,842,563.89",7,归属于上市公司股东的净资产,3
600101,明星电力,总资产,"4,116,858,275.63",7,总资产,4
600101,明星电力,基本每股收益,0.34,8,基本每股收益（元/股）,1
600103,青山纸业,营业收入,"2,418,990,221.17",6,营业收入,7
600103,青山纸业,利润总额,"90,445,393.32",6,利润总额,2
600103,青山纸业,归母净利润,"54,684,226.42",6,归属于上市公司股东的净利润,2
600103,青山纸业,经营活动现金流量净额,"136,419,367.57",6,经营活动产生的现金流量净额,7
600103,青山纸业,归母净资产,"3,960,831,004.41",6,归属于上市公司股东的净资产,2
600103,青山纸业,总资产,"6,369,720,116.09",6,总资产,2
600103,青山纸业,基本每股收益,0.02,7,基本每股收益（元/股）,1
600104,上汽集团,营业收入,"656,243,812,081.18",5,营业总收入,8
600104,上汽集团,利润总额,"24,909,009,484.08",5,利润总额,3
600104,上汽集团,归母净利润,"10,105,800,270.34",5,归属于上市公司股东的净利润,2
600104,上汽集团,经营活动现金流量净额,"34,306,601,905.98",5,经营活动产生的现金流量净额,6
600104,上汽集团,归母净资产,"298,812,278,173.08",5,归属于上市公司股东的净资产,2
600104,上汽集团,总资产,"960,207,461,450.69",5,总资产,3
600104,上汽集团,基本每股收益,0.89,6,基本每股收益（元/股）,1
600105,永鼎股份,营业收入,"5,286,822,892.02",8,营业收入,7
600105,永鼎股份,利润总额,"218,580,472.72",8,利润总额,2
600105,永鼎股份,归母净利润,"233,640,658.03",8,归属于上市公司股东的净利润,2
600105,永鼎股份,经营活动现金流量净额,"311,615,210.92",8,经营活动产生的现金流量净额,7
600105,永鼎股份,归母净资产,"3,177,210,536.92",8,归属于上市公司股东的净资产,3
600105,永鼎股份,总资产,"9,082,595,670.49",8,总资产,4
600105,永鼎股份,基本每股收益,0.16,8,基本每股收益（元／股）,1
600106,重庆路桥,营业收入,"112,893,960.36",6,营业收入,7
600106,重庆路桥,利润总额,"161,589,158.00",6,利润总额,2
600106,重庆路桥,归母净利润,"114,007,110.63",6,归属于上市公司股东的净利润,2
600106,重庆路桥,经营活动现金流量净额,"55,136,909.61",6,经营活动产生的现金流量净额,7
600106,重庆路桥,归母净资产,5.26,6,归属于上市公司股东的净资产,3
600106,重庆路桥,总资产,"7,063,500,682.09",6,总资产,4
600106,重庆路桥,基本每股收益,0.09,6,基本每股收益（元/股）,2
600107,*ST尔雅,营业收入,"236,195,000.11",6,营业收入,6
600107,*ST尔雅,利润总额,"-96,516,658.96",6,利润总额,2
600107,*ST尔雅,归母净利润,"-89,092,646.60",6,归属于上市公司股东的净利润,2
600107,*ST尔雅,经营活动现金流量净额,"1,254,689.28",6,经营活动产生的现金流量净额,6
600107,*ST尔雅,归母净资产,"401,683,133.32",6,归属于上市公司股东的净资产,2
600107,*ST尔雅,总资产,"748,364,760.06",6,总资产,3
600107,*ST尔雅,基本每股收益,-0.25,6,基本每股收益（元／股）,1
600108,亚盛集团,营业收入,"4,241,548,459.66",5,营业收入,7
600108,亚盛集团,利润总额,"62,679,048.32",5,利润总额,3
600108,亚盛集团,归母净利润,"56,933,641.97",5,归属于上市公司股东的净利润,3
600108,亚盛集团,经营活动现金流量净额,"149,706,096.26",5,经营活动产生的现金流量净额,7
600108,亚盛集团,归母净资产,"4,324,609,423.95",5,归属于上市公司股东的净资产,2
600108,亚盛集团,总资产,"9,889,476,545.41",5,总资产,3
600108,亚盛集团,基本每股收益,0.03,5,基本每股收益（元/股）,1
600109,国金证券,营业收入,"8,456,815,830.54",10,营业收入,8
600109,国金证券,利润总额,"2,825,259,057.28",10,利润总额,4
600109,国金证券,归母净利润,"2,276,891,494.01",10,归属于母公司股东的净利润,3
600109,国金证券,经营活动现金流量净额,"4,093,986,136.39",10,经营活动产生的现金流量净额,9
600109,国金证券,归母净资产,"35,471,077,750.40",145,归属于母公司所有者权益（或股东权益）合计,1
600109,国金证券,总资产,"148,830,093,752.40",144,资产总计,2
600109,国金证券,基本每股收益,0.62,11,基本每股收益（元／股）,2
600110,诺德股份,营业收入,38.86,8,营业收入,7
600110,诺德股份,利润总额,22.49,8,利润总额,1
600110,诺德股份,归母净利润,"351,685,960.57",8,归属于上市公司股东的净利润,2
600110,诺德股份,经营活动现金流量净额,"616,482,488.16",8,经营活动产生的现金流量净额,7
600110,诺德股份,归母净资产,-0.84,8,归属于上市公司股东的净资产,3
600110,诺德股份,总资产,"19,399,288,809.85",8,总资产,4
600110,诺德股份,基本每股收益,-0.17,8,基本每股收益（元/股）,1
600111,北方稀土,营业收入,29.11,8,营业收入,7
600111,北方稀土,利润总额,"3,384,289,543.79",8,利润总额,1
600111,北方稀土,归母净利润,"2,251,272,073.68",8,归属于上市公司股东的净利润,2
600111,北方稀土,经营活动现金流量净额,"1,025,577,551.59",8,经营活动产生的现金流量净额,7
600111,北方稀土,归母净资产,"24,660,969,712.52",8,归属于上市公司股东的净资产,1
600111,北方稀土,总资产,"48,127,817,177.89",8,总资产,3
600111,北方稀土,基本每股收益,0.62,8,基本每股收益（元/股）,1
600113,浙江东日,营业收入,"773,504,798.71",11,营业收入,8
600113,浙江东日,利润总额,"184,424,362.24",11,利润总额,2
600113,浙江东日,归母净利润,"144,063,627.16",11,归属于上市公司股东的净利润,2
600113,浙江东日,经营活动现金流量净额,"68,887,631.90",11,经营活动产生的现金流量净额,7
600113,浙江东日,归母净资产,"2,552,959,533.46",11,归属于上市公司股东的净资产,3
600113,浙江东日,总资产,"3,541,796,253.75",11,总资产,4
600113,浙江东日,基本每股收益,0.35,11,基本每股收益（元／股）,1
600114,东睦股份,营业收入,"6,037,496,242.45",8,营业收入,7
600114,东睦股份,利润总额,"714,655,549.71",8,利润总额,2
600114,东睦股份,归母净利润,"535,770,128.10",8,归属于上市公司股东的净利润,2
600114,东睦股份,经营活动现金流量净额,"1,003,033,850.72",8,经营活动产生的现金流量净额,7
600114,东睦股份,归母净资产,"3,402,645,731.43",8,归属于上市公司股东的净资产,2
600114,东睦股份,总资产,"7,847,747,135.81",8,总资产,4
600114,东睦股份,基本每股收益,0.86,8,基本每股收益（元/股）,2
600115,中国东航,营业收入,"139,941.00",11,营业收入,3
600115,中国东航,利润总额,274.00,11,利润总额,3
600115,中国东航,归母净利润,"-1,633.00",11,归属于上市公司股东的净利润,2
600115,中国东航,经营活动现金流量净额,"37,941.00",11,经营活动产生的现金流量净额,4
600115,中国东航,归母净资产,"37,759.00",11,归属于上市公司股东的净资产,2
600115,中国东航,总资产,"291,764.00",11,总资产,3
600115,中国东航,基本每股收益,-0.11,11,基本每股收益（元 ／股),1
600116,三峡水利,营业收入,"10,172,907,704.50",9,营业收入,8
600116,三峡水利,利润总额,"659,806,989.20",9,利润总额,2
600116,三峡水利,归母净利润,"435,920,951.09",9,归属于上市公司股东的净利润,2
600116,三峡水利,经营活动现金流量净额,"1,396,305,317.00",9,经营活动产生的现金流量净额,5
600116,三峡水利,归母净资产,"11,296,543,907.79",9,归属于上市公司股东的净资产,4
600116,三峡水利,总资产,"25,201,527,976.12",9,总资产,4
600116,三峡水利,基本每股收益,0.23,9,基本每股收益（元／股）,1
600117,西宁特钢,营业收入,"5,717,190,724.40",7,营业收入,7
600117,西宁特钢,利润总额,"-1,042,843,273.18",7,利润总额,2
600117,西宁特钢,归母净利润,"-900,089,599.88",7,归属于上市公司股东的净利润,2
600117,西宁特钢,经营活动现金流量净额,"72,948,016.06",7,经营活动产生的现金流量净额,8
600117,西宁特钢,归母净资产,-19.32,7,归属于上市公司股东的净资产,2
600117,西宁特钢,总资产,"12,331,129,999.14",7,总资产,3
600117,西宁特钢,基本每股收益,-0.28,7,基本每股收益（元/股）,1
600118,中国卫星,营业收入,"6,102,944,926.00",7,营业收入,7
600118,中国卫星,利润总额,"16,841,166.01",7,利润总额,3
600118,中国卫星,归母净利润,"35,556,687.85",7,归属于上市公司股东的净利润,3
600118,中国卫星,经营活动现金流量净额,"363,333,516.24",7,经营活动产生的现金流量净额,6
600118,中国卫星,归母净资产,"6,365,044,137.99",7,归属于上市公司股东的净资产,3
600118,中国卫星,总资产,"13,201,298,080.22",7,总资产,4
600118,中国卫星,基本每股收益,0.03,8,基本每股收益（元/股）,1
600119,*ST长投,营业收入,"203,728,891.59",5,营业收入,8
600119,*ST长投,利润总额,"-40,510,306.25",5,利润总额,3
600119,*ST长投,归母净利润,"-45,951,536.24",5,归属于上市公司股东的净利润,2
600119,*ST长投,经营活动现金流量净额,"20,004,706.89",5,经营活动产生的现金流量净额,7
600119,*ST长投,归母净资产,"87,245,172.25",5,归属于上市公司股东的净资产,3
600119,*ST长投,总资产,"496,903,480.19",5,总资产,4
600119,*ST长投,基本每股收益,-0.13,6,基本每股收益（元／股）,1
600120,浙江东方,营业收入,"1,630,531,614.36",6,营业总收入,12
600120,浙江东方,利润总额,"1,085,409,004.01",6,利润总额,3
600120,浙江东方,归母净利润,"161,401,525.26",8,归属于上市公司股东的净利润,1
600120,浙江东方,经营活动现金流量净额,"798,940,299.01",6,经营活动产生的现金流量净额,6
600120,浙江东方,归母净资产,"16,497,308,330.07",6,归属于上市公司股东的净资产,3
600120,浙江东方,总资产,"60,404,136,916.03",6,总资产,4
600120,浙江东方,基本每股收益,0.28,7,基本每股收益（元/股）,1
600121,郑州煤电,营业收入,"3,552,273,658.65",6,营业收入,7
600121,郑州煤电,利润总额,"-675,386,278.18",6,利润总额,3
600121,郑州煤电,归母净利润,"-927,483,677.71",6,归属于上市公司股东的净利润,3
600121,郑州煤电,经营活动现金流量净额,"139,019,244.63",6,经营活动产生的现金流量净额,6
600121,郑州煤电,归母净资产,"937,772,955.40",6,归属于上市公司股东的净资产,3
600121,郑州煤电,总资产,"13,110,530,905.74",6,总资产,4
600121,郑州煤电,基本每股收益,-0.76,7,基本每股收益（元/股）,1
600123,兰花科创,营业收入,"8,141,540,425.11",6,营业收入,6
600123,兰花科创,利润总额,"-810,089,751.56",6,利润总额,2
600123,兰花科创,归母净利润,"-539,924,732.77",6,归属于上市公司股东的净利润,2
600123,兰花科创,经营活动现金流量净额,"-341,829,248.77",6,经营活动产生的现金流量净额,6
600123,兰花科创,归母净资产,-5.22,6,归属于上市公司股东的净资产,3
600123,兰花科创,总资产,20.46,6,总资产,4
600123,兰花科创,基本每股收益,-0.37,6,基本每股收益（元/股）,2
600125,铁龙物流,营业收入,"11,493,909,430.40",5,营业收入,8
600125,铁龙物流,利润总额,"740,058,785.43",5,利润总额,2
600125,铁龙物流,归母净利润,"525,051,958.40",5,归属于上市公司股东的净利润,2
600125,铁龙物流,经营活动现金流量净额,"689,966,467.27",5,经营活动产生的现金流量净额,7
600125,铁龙物流,归母净资产,"7,622,260,921.99",5,归属于上市公司股东的净资产,4
600125,铁龙物流,总资产,"10,324,814,800.18",5,总资产,5
600125,铁龙物流,基本每股收益,0.40,5,基本每股收益（元/股）,1
600126,杭钢股份,营业收入,-17.81,6,营业收入,4
600126,杭钢股份,利润总额,"69,510,970.45",6,利润总额,2
600126,杭钢股份,归母净利润,"24,138,999.02",6,归属于上市公司股东的净利润,3
600126,杭钢股份,经营活动现金流量净额,"1,129,659,454.33",6,经营活动产生的现金流量净额,5
600126,杭钢股份,归母净资产,"19,424,983,072.77",6,归属于上市公司股东的净资产,3
600126,杭钢股份,总资产,-5.59,6,总资产,4
600126,杭钢股份,基本每股收益,0.01,7,基本每股收益（元／股）,1
600127,金健米业,营业收入,"3,358,009,537.17",6,营业收入,7
600127,金健米业,利润总额,"10,309,859.65",6,利润总额,2
600127,金健米业,归母净利润,"3,772,773.20",6,归属于上市公司股东的净利润,2
600127,金健米业,经营活动现金流量净额,"72,285,437.24",6,经营活动产生的现金流量净额,6
600127,金健米业,归母净资产,"671,220,744.82",6,归属于上市公司股东的净资产,1
600127,金健米业,总资产,"1,867,902,470.54",6,总资产,3
600127,金健米业,基本每股收益,0.01,6,基本每股收益（元/股）,1
600128,苏豪弘业,营业收入,"7,734,774,728.73",6,营业收入,7
600128,苏豪弘业,利润总额,"94,241,536.67",6,利润总额,2
600128,苏豪弘业,归母净利润,"48,272,991.50",6,归属于上市公司股东的净利润,3
600128,苏豪弘业,经营活动现金流量净额,"228,878,136.33",6,经营活动产生的现金流量净额,6
600128,苏豪弘业,归母净资产,"2,144,254,870.59",6,归属于上市公司股东的净资产,3
600128,苏豪弘业,总资产,"6,446,705,375.53",6,总资产,4
600128,苏豪弘业,基本每股收益,0.20,6,基本每股收益（元／股）,1
600129,太极集团,营业收入,"10,500,021,614.28",5,营业收入,7
600129,太极集团,利润总额,"221,108,143.79",5,利润总额,2
600129,太极集团,归母净利润,"120,570,288.49",5,归属于上市公司股东的净利润,2
600129,太极集团,经营活动现金流量净额,"583,884,730.17",5,经营活动产生的现金流量净额,7
600129,太极集团,归母净资产,"3,501,509,450.84",5,归属于上市公司股东的净资产,2
600129,太极集团,总资产,"14,411,393,169.97",5,总资产,3
600129,太极集团,基本每股收益,0.22,6,基本每股收益（元／股）,2
600130,波导股份,营业收入,"470,414,681.38",6,营业收入,6
600130,波导股份,利润总额,"9,209,537.14",6,利润总额,2
600130,波导股份,归母净利润,"5,250,696.66",6,归属于上市公司股东的净利润,2
600130,波导股份,经营活动现金流量净额,"-19,551,317.93",6,经营活动产生的现金流量净额,7
600130,波导股份,归母净资产,"961,743,688.04",6,归属于上市公司股东的净资产,2
600130,波导股份,总资产,"1,212,905,240.92",6,总资产,2
600130,波导股份,基本每股收益,0.01,7,基本每股收益（元／股）,2
600131,国网信通,营业收入,"7,315,169,679.72",8,营业收入,6
600131,国网信通,利润总额,"778,335,135.53",8,利润总额,1
600131,国网信通,归母净利润,"657,357,866.46",8,归属于上市公司股东的净利润,2
600131,国网信通,经营活动现金流量净额,"1,947,866,764.09",8,经营活动产生的现金流量净额,5
600131,国网信通,归母净资产,"6,477,798,760.44",8,归属于上市公司股东的净资产,3
600131,国网信通,总资产,-14.84,8,总资产,2
600131,国网信通,基本每股收益,0.55,9,基本每股收益（元／股）,1
600132,重庆啤酒,营业收入,"14,721,871,107.45",8,营业收入,7
600132,重庆啤酒,利润总额,"3,241,925,584.31",8,利润总额,1
600132,重庆啤酒,归母净利润,"1,230,897,085.41",8,归属于上市公司股东的净利润,2
600132,重庆啤酒,经营活动现金流量净额,"2,624,190,299.49",8,经营活动产生的现金流量净额,6
600132,重庆啤酒,归母净资产,"1,377,010,188.68",8,归属于上市公司股东的净资产,3
600132,重庆啤酒,总资产,"10,690,758,918.93",8,总资产,4
600132,重庆啤酒,基本每股收益,2.54,9,基本每股收益(元／股）,2
600133,东湖高新,营业收入,"3,749,891,150.97",8,营业收入,8
600133,东湖高新,利润总额,"389,571,701.50",8,利润总额,2
600133,东湖高新,归母净利润,"27,619,637,000.00",8,归属于上市公司股东的净利润,2
600133,东湖高新,经营活动现金流量净额,"-140,125,692.14",8,经营活动产生的现金流量净额,7
600133,东湖高新,归母净资产,"9,110,993,903.26",8,归属于上市公司股东的净资产,4
600133,东湖高新,总资产,"19,721,709,261.32",8,总资产,4
600133,东湖高新,基本每股收益,0.26,8,基本每股收益（元／股）,1
