code,name,pdf_name,state,n_pages,n_parts,boundaries,blocks,text,heading,table,image,chars,seconds,err_msg
600108,亚盛集团,600108_20260430_90X1.pdf,ok,,,,1924,1110,556,256,2,501997,,
600004,白云机场,600004_20260430_ZSRN.pdf,ok,215,2,195,3061,1988,785,285,3,538070,143.3,
600000,浦发银行,600000_20260331_ZWFN.pdf,ok,454,3,"195,390",3259,2011,828,386,34,740431,154.7,
600006,东风股份,600006_20260423_RYT5.pdf,ok,169,1,,2645,1772,567,303,3,548151,156.3,
600007,中国国贸,600007_20260402_CE7M.pdf,ok,158,1,,1519,800,538,171,10,218921,158.5,
600008,首创环保,600008_20260411_JOWG.pdf,ok,279,2,195,3312,2069,857,376,10,874165,163.5,
600009,上海机场,600009_20260430_BK10.pdf,ok,187,1,,2965,1914,767,279,5,569166,165.4,
600010,包钢股份,600010_20260418_MMNU.pdf,ok,240,2,195,3484,2279,873,328,4,686923,171.2,
600011,华能国际,600011_20260325_CS0B.pdf,ok,372,2,195,3883,2473,866,542,2,1181304,175.0,
600012,皖通高速,600012_20260328_EBPM.pdf,ok,304,2,195,3110,1925,826,353,6,560407,179.8,
600015,华夏银行,600015_20260331_5ZX0.pdf,ok,285,2,195,2694,1630,754,308,2,613400,186.5,
600016,民生银行,600016_20260331_IICM.pdf,ok,305,2,195,3211,1732,1179,280,20,604756,151.0,
600017,日照港,600017_20260327_8WAK.pdf,ok,203,2,195,3141,2077,790,270,4,584743,154.8,
600018,上港集团,600018_20260401_PLI7.pdf,ok,325,2,195,3658,2336,885,435,2,1154838,157.8,
600019,宝钢股份,600019_20260430_LB2P.pdf,ok,245,2,195,2876,1742,749,382,3,738164,162.1,
600020,中原高速,600020_20260423_ZCN7.pdf,ok,229,2,195,2456,1486,670,298,2,637383,165.6,
600021,上海电力,600021_20260414_EJKO.pdf,ok,310,2,195,3401,2148,837,411,5,1087925,169.1,
600022,山东钢铁,600022_20260423_W44N.pdf,ok,194,1,,2832,1845,675,310,2,574697,171.3,
600023,浙能电力,600023_20260428_3M3A.pdf,ok,224,2,195,3067,1932,773,360,2,781153,176.0,
600025,华能水电,600025_20260429_EN00.pdf,ok,283,2,195,3185,2030,773,380,2,803486,179.1,
600026,中远海能,600026_20260327_BFNQ.pdf,ok,237,2,195,3402,2143,924,331,4,664394,182.9,
600027,华电国际,600027_20260327_VSUM.pdf,ok,400,3,"195,390",2004,966,625,411,2,765171,537.3,
600028,中国石化,600028_20260323_J1IG.pdf,ok,239,2,195,2704,1689,720,294,1,548304,329.9,
600029,南方航空,600029_20260331_LY03.pdf,ok,247,2,195,2413,1387,719,298,9,467719,334.0,
600030,中信证券,600030_20260327_OTZ9.pdf,ok,389,2,195,2337,1311,598,375,53,782042,339.9,
600031,三一重工,600031_20260331_YF45.pdf,ok,250,2,195,3178,2024,770,382,2,818509,346.4,
600032,浙江新能,600032_20260428_EBCT.pdf,ok,325,2,195,3513,2282,842,387,2,1139193,350.0,
600033,福建高速,600033_20260418_CJGS.pdf,ok,172,1,,2825,1856,714,252,3,469076,352.9,
600035,楚天高速,600035_20260423_2TGR.pdf,ok,256,2,195,3142,1967,821,352,2,699019,357.7,
600036,招商银行,600036_20260328_F53J.pdf,ok,350,2,195,3076,1771,924,370,11,667442,364.2,
600037,歌华有线,600037_20260429_N1WV.pdf,ok,208,2,195,2902,1837,751,312,2,567404,368.4,
600038,中直股份,600038_20260328_MC2A.pdf,ok,166,1,,2677,1695,715,265,2,444326,369.4,
600039,四川路桥,600039_20260425_G0NP.pdf,ok,422,3,"195,390",3315,1941,821,551,2,1398732,316.9,
600048,保利发展,600048_20260418_4GYR.pdf,ok,349,2,195,2082,995,625,456,6,1895804,321.9,
600050,中国联通,600050_20260320_R37Q.pdf,ok,213,2,195,2055,1167,651,234,3,516170,328.8,
600051,宁波联合,600051_20260414_41EL.pdf,ok,198,2,195,3002,1936,762,303,1,511123,332.1,
600052,东望时代,600052_20260428_RBIG.pdf,ok,195,1,,3001,1954,759,286,2,574026,333.0,
600053,*ST九鼎,600053_20260429_GS72.pdf,ok,208,2,195,3245,2136,831,276,2,528638,338.7,
600054,黄山旅游,600054_20260418_PU9R.pdf,ok,185,1,,3068,2048,741,276,3,538090,339.6,
600055,万东医疗,600055_20260326_PQHJ.pdf,ok,201,2,195,2993,1925,770,296,2,536783,344.6,
600056,中国医药,600056_20260425_H6DR.pdf,ok,281,2,195,3485,2276,808,399,2,900708,348.2,
600057,厦门象屿,600057_20260424_KE5K.pdf,ok,319,2,195,3835,2442,956,426,11,989457,353.2,
600058,五矿发展,600058_20260331_SFJA.pdf,ok,287,2,195,3415,2203,831,378,3,917867,703.2,
600059,古越龙山,600059_20260423_XRGR.pdf,ok,176,1,,2949,1944,748,256,1,491596,329.7,
600060,海信视像,600060_20260331_D3YV.pdf,ok,242,2,195,2701,1631,732,336,2,629601,348.4,
600061,国投资本,600061_20260403_J4WZ.pdf,ok,262,2,195,3206,1959,865,379,3,713338,352.9,
600062,华润双鹤,600062_20260320_VRVG.pdf,ok,234,2,195,3146,1963,839,341,3,727414,358.2,
600063,皖维高新,600063_20260320_6SJM.pdf,ok,213,2,195,3165,2019,820,313,13,609446,362.7,
600064,南京高科,600064_20260423_Q551.pdf,ok,207,2,195,2916,1901,721,291,3,521570,367.6,
600066,宇通客车,600066_20260331_FY0Y.pdf,ok,139,1,,2333,1364,688,279,2,457418,369.3,
600067,冠城新材,600067_20260423_OYXC.pdf,ok,214,2,195,2963,1844,819,298,2,576822,383.7,
600071,凤凰光学,600071_20260421_ZR9F.pdf,ok,175,1,,2559,1593,686,279,1,451600,384.9,
600072,中船科技,600072_20260430_EBSK.pdf,ok,329,2,195,3533,2222,866,443,2,1100985,402.8,
600073,光明肉业,600073_20260331_4T2O.pdf,ok,244,2,195,3138,2004,816,316,2,691324,408.0,
600075,新疆天业,600075_20260410_A145.pdf,ok,235,2,195,3257,1994,921,339,3,701265,289.6,
600076,康欣新材,600076_20260430_ZN6P.pdf,ok,228,2,195,3307,2151,874,281,1,513451,293.0,
600078,澄星股份,600078_20260418_YW6C.pdf,ok,219,2,195,3204,2016,878,303,7,576725,296.2,
600079,ST人福,600079_20260331_8GPS.pdf,ok,252,2,195,2927,1797,799,328,3,694451,300.2,
600080,ST金花,600080_20260429_0BCL.pdf,ok,180,1,,2944,1852,805,285,2,522231,302.3,
600081,东风科技,600081_20260415_XCDX.pdf,ok,222,2,195,2843,1788,726,327,2,641008,307.5,
600082,ST海泰 ,600082_20260429_1620.pdf,ok,203,2,195,2859,1867,721,269,2,478292,310.8,
600084,*ST尼雅,600084_20260428_BDFQ.pdf,ok,218,2,195,2915,1921,708,283,3,526447,314.2,
600085,同仁堂,600085_20260331_ZJ0N.pdf,ok,205,2,195,3009,1952,754,301,2,633337,318.2,
600088,中视传媒,600088_20260418_GO06.pdf,ok,177,1,,2916,1980,689,245,2,510421,319.1,
600089,特变电工,600089_20260416_7C7T.pdf,ok,387,2,195,3632,2451,709,470,2,917383,324.7,
600094,大名城,600094_20260423_6OY7.pdf,ok,194,1,,2892,1848,769,273,2,501872,262.4,
600095,湘财股份,600095_20260321_4H6D.pdf,ok,266,2,195,3451,2185,852,412,2,739895,268.5,
600096,云天化,600096_20260324_43PU.pdf,ok,272,2,195,3323,2171,787,352,13,826852,272.9,
600097,开创国际,600097_20260328_A5JX.pdf,ok,158,1,,2838,1927,679,230,2,458611,274.8,
600098,广州发展,600098_20260415_1WR7.pdf,ok,259,2,195,3262,2019,846,379,18,860613,279.9,
600099,林海股份,600099_20260328_M4C5.pdf,ok,194,1,,2729,1864,592,269,4,453977,281.8,
600100,同方股份,600100_20260429_89O2.pdf,ok,260,2,195,1998,913,647,423,15,563326,289.6,
600101,明星电力,600101_20260327_7MA5.pdf,ok,256,2,195,3118,2001,806,309,2,581564,295.9,
600103,青山纸业,600103_20260414_533C.pdf,ok,220,2,195,3099,1961,822,314,2,652337,299.9,
600104,上汽集团,600104_20260402_OXOS.pdf,ok,205,2,195,3180,2044,753,381,2,717243,305.3,
600105,永鼎股份,600105_20260421_7OFR.pdf,ok,263,2,195,3053,1855,839,339,20,701621,309.0,
600106,重庆路桥,600106_20260423_STE3.pdf,ok,186,1,,2573,1651,697,225,0,423694,311.3,
600107,*ST尔雅,600107_20260430_HD23.pdf,ok,243,2,195,2985,1927,769,287,2,524414,243.7,
600109,国金证券,600109_20260424_SMW2.pdf,ok,267,2,195,2565,1454,782,321,8,703047,247.1,
600110,诺德股份,600110_20260423_QAU3.pdf,ok,323,2,195,3608,2311,918,376,3,809589,251.4,
600111,北方稀土,600111_20260418_EVT0.pdf,ok,263,2,195,3183,2102,723,355,3,716034,255.6,
600113,浙江东日,600113_20260307_33S2.pdf,ok,220,2,195,2921,1832,776,299,14,554016,259.8,
600114,东睦股份,600114_20260421_83T2.pdf,ok,203,2,195,2739,1653,728,336,22,582497,263.4,
600115,中国东航,600115_20260331_LKWP.pdf,ok,236,2,195,2068,1086,634,332,16,356108,266.8,
600116,三峡水利,600116_20260423_UG1L.pdf,ok,297,2,195,3545,2244,866,432,3,831339,270.7,
600117,西宁特钢,600117_20260430_LQ97.pdf,ok,261,2,195,3457,2360,759,336,2,674933,274.6,
600118,中国卫星,600118_20260331_8OIB.pdf,ok,194,1,,3063,2044,751,266,2,536205,276.3,
600119,*ST长投,600119_20260427_T6MZ.pdf,ok,212,2,195,3035,2017,761,255,2,502007,530.5,
600120,浙江东方,600120_20260418_25SG.pdf,ok,267,2,195,3439,2145,884,408,2,753593,232.5,
600121,郑州煤电,600121_20260328_RHM8.pdf,ok,202,2,195,2692,1705,697,288,2,533402,236.5,
600123,兰花科创,600123_20260424_6CWO.pdf,ok,214,2,195,2970,1880,772,315,3,666094,239.9,
600125,铁龙物流,600125_20260409_TE3K.pdf,ok,160,1,,2803,1818,724,258,3,484613,240.9,
600126,杭钢股份,600126_20260418_OVJX.pdf,ok,187,1,,2902,1823,785,292,2,561625,243.0,
600127,金健米业,600127_20260409_8M4E.pdf,ok,186,1,,2959,1883,744,270,62,559757,245.5,
600128,苏豪弘业,600128_20260408_NQYN.pdf,ok,256,2,195,3099,1957,786,354,2,679324,250.8,
600129,太极集团,600129_20260328_7E10.pdf,ok,239,2,195,3273,2112,809,349,3,656054,254.3,
600130,波导股份,600130_20260408_Y9L8.pdf,ok,162,1,,2733,1682,781,268,2,424759,255.4,
600131,国网信通,600131_20260425_1DMO.pdf,ok,248,2,195,3022,1927,768,308,19,598973,259.8,
600132,重庆啤酒,600132_20260311_KD05.pdf,ok,197,2,195,3091,2030,747,265,49,297660,264.9,
600133,东湖高新,600133_20260428_IRGB.pdf,ok,281,2,195,3305,2100,824,379,2,806099,392.1,
