code,name,pages,blocks,tables,chars,chars_per_page,metrics_found,metrics_total,cross_checked,cross_match,high,mid,info,verdict,problems
600008,首创环保,279,3312,376,874165,3133,7,7,5,4,15,3,159,WARN,
600010,包钢股份,240,3484,328,686923,2862,7,7,5,3,12,3,150,WARN,
600004,白云机场,215,3061,285,538070,2503,7,7,5,4,10,2,134,WARN,
600009,上海机场,187,2965,279,569166,3044,7,7,4,2,9,1,54,WARN,
600006,东风股份,169,2645,303,548151,3243,7,7,4,3,8,1,72,WARN,
600011,华能国际,372,3883,542,1181304,3176,7,7,5,4,8,1,174,WARN,
600012,皖通高速,304,3110,353,560407,1843,7,7,5,4,7,3,112,WARN,
600000,浦发银行,454,3259,386,740431,1631,6,7,3,0,5,10,140,WARN,负债合计: 全文表格里找不到该行标签
600108,亚盛集团,134,1924,256,501997,3746,7,7,5,5,8,1,43,PASS,
600007,中国国贸,158,1519,171,218921,1386,7,7,5,5,4,2,29,PASS,
600015,华夏银行,285,2694,308,613400,2152,7,7,1,1,3,2,24,PASS,
