code,name,report_year,pages,metrics,years,from_summary,from_statement,missing
600000,浦发银行,2025,454,11,"2023,2024,2025",24,3,扣非归母净利润
600004,白云机场,2025,215,12,"2023,2024,2025",33,1,
600006,东风股份,2025,169,12,"2023,2024,2025",29,2,
600007,中国国贸,2025,158,10,"2023,2024,2025",26,1,"加权平均净资产收益率,扣非加权平均净资产收益率"
600008,首创环保,2025,279,12,"2023,2024,2025",33,1,
600009,上海机场,2025,187,12,"2023,2024,2025",31,1,
600010,包钢股份,2025,240,12,"2023,2024,2025",33,1,
600011,华能国际,2025,372,12,"2023,2024,2025",33,1,
600012,皖通高速,2025,304,12,2025,11,1,
600015,华夏银行,2025,285,12,"2023,2024,2025",30,2,
600016,民生银行,2025,304,6,2025,0,6,"利润总额,扣非归母净利润,基本每股收益,稀释每股收益,加权平均净资产收益率,扣非加权平均净资产收益率"
600017,日照港,2025,203,12,"2023,2024,2025",33,1,
600018,上港集团,2025,325,11,"2023,2024,2025",30,0,净利润
600019,宝钢股份,2025,245,12,"2023,2024,2025",33,1,
600020,中原高速,2025,229,12,2025,11,1,
600021,上海电力,2025,310,10,"2023,2024,2025",26,0,"净利润,归母净资产"
600022,山东钢铁,2025,194,12,2025,11,1,
600023,浙能电力,2025,224,12,2025,11,1,
600025,华能水电,2025,283,12,"2023,2024,2025",33,1,
600026,中远海能,2025,237,12,2025,11,1,
600027,华电国际,2025,400,11,2025,10,1,稀释每股收益
600028,中国石化,2025,239,9,2025,0,9,"稀释每股收益,加权平均净资产收益率,扣非加权平均净资产收益率"
600029,南方航空,2025,247,12,"2023,2024,2025",33,1,
600030,中信证券,2025,389,10,2025,7,3,"扣非归母净利润,总资产"
600031,三一重工,2025,250,12,"2023,2025",22,1,
600032,浙江新能,2025,325,12,"2023,2024,2025",33,1,
600033,福建高速,2025,172,12,"2023,2024,2025",33,1,
600035,楚天高速,2025,256,12,"2023,2024,2025",28,1,
600036,招商银行,2025,350,7,2025,0,7,"扣非归母净利润,基本每股收益,稀释每股收益,加权平均净资产收益率,扣非加权平均净资产收益率"
600037,歌华有线,2025,208,11,"2023,2024,2025",27,1,归母净资产
600038,中直股份,2025,166,12,"2023,2024,2025",33,1,
600039,四川路桥,2025,422,12,"2023,2024,2025",33,1,
600048,保利发展,2025,349,12,"2023,2024,2025",33,1,
600050,中国联通,2025,213,11,"2023,2024,2025",33,0,净利润
600051,宁波联合,2025,198,12,"2023,2024,2025",33,1,
600052,东望时代,2025,195,12,"2023,2024,2025",30,1,
600053,*ST九鼎,2025,208,11,2025,10,1,扣非加权平均净资产收益率
600054,黄山旅游,2025,185,12,"2023,2024,2025",30,3,
600055,万东医疗,2025,201,12,"2023,2024,2025",28,2,
600056,中国医药,2025,281,12,"2023,2025",22,1,
600057,厦门象屿,2025,319,12,"2023,2024,2025",33,1,
600058,五矿发展,2025,287,12,"2023,2024,2025",33,1,
600059,古越龙山,2025,176,12,"2023,2024,2025",33,1,
600060,海信视像,2025,242,12,2025,11,1,
600061,国投资本,2025,262,12,2025,11,1,
600062,华润双鹤,2025,234,12,"2023,2024,2025",33,1,
600063,皖维高新,2025,213,12,"2023,2024,2025",33,1,
600064,南京高科,2025,207,12,"2023,2024,2025",33,1,
600066,宇通客车,2025,139,11,"2023,2024,2025",33,0,净利润
600067,冠城新材,2025,214,12,"2023,2024,2025",33,1,
600071,凤凰光学,2025,175,12,"2023,2024,2025",33,1,
600072,中船科技,2025,329,12,"2023,2024,2025",33,1,
600073,光明肉业,2025,244,12,"2023,2024,2025",33,1,
600075,新疆天业,2025,235,12,"2023,2024,2025",30,1,
600076,康欣新材,2025,228,12,2025,11,1,
600078,澄星股份,2025,219,12,"2023,2024,2025",33,1,
600079,ST人福,2025,252,12,"2023,2024,2025",33,1,
600080,ST金花,2025,180,12,"2023,2024,2025",33,1,
600081,东风科技,2025,222,12,"2024,2025",22,1,
600082,ST海泰 ,2025,203,12,"2023,2024,2025",33,1,
600084,*ST尼雅,2025,218,12,"2023,2024,2025",33,1,
600085,同仁堂,2025,205,11,"2023,2024,2025",30,1,稀释每股收益
600088,中视传媒,2025,177,12,"2023,2024,2025",33,1,
600089,特变电工,2025,387,12,"2023,2025",22,1,
600094,大名城,2025,194,12,"2023,2024,2025",31,1,
600095,湘财股份,2025,266,12,"2023,2024,2025",33,1,
600096,云天化,2025,272,12,2025,11,1,
600097,开创国际,2025,158,12,"2023,2024,2025",32,2,
600098,广州发展,2025,259,12,"2023,2024,2025",30,1,
600099,林海股份,2025,194,12,"2023,2024,2025",30,3,
600100,同方股份,2025,260,12,"2023,2025",22,1,
600101,明星电力,2025,256,12,"2023,2024,2025",33,1,
600103,青山纸业,2025,220,12,"2023,2024,2025",32,1,
600104,上汽集团,2025,205,11,"2023,2024,2025",30,1,稀释每股收益
600105,永鼎股份,2025,263,12,"2023,2024,2025",33,1,
600106,重庆路桥,2025,186,11,"2023,2024,2025",28,1,归母净资产
600107,*ST尔雅,2025,243,12,2025,11,1,
600108,亚盛集团,2025,134,12,"2023,2024,2025",33,1,
600109,国金证券,2025,267,12,"2023,2024,2025",22,4,
600110,诺德股份,2025,323,12,"2023,2024,2025",21,2,
600111,北方稀土,2025,263,12,"2023,2024,2025",28,3,
600113,浙江东日,2025,220,12,"2023,2024,2025",31,1,
600114,东睦股份,2025,203,11,"2023,2024,2025",32,0,净利润
600115,中国东航,2025,236,11,"2023,2024,2025",27,2,净利润
600116,三峡水利,2025,297,12,"2023,2024,2025",31,2,
600117,西宁特钢,2025,261,11,"2023,2024,2025",28,1,净利润
600118,中国卫星,2025,194,12,"2023,2024,2025",33,1,
600119,*ST长投,2025,212,12,"2023,2024,2025",33,1,
600120,浙江东方,2025,267,11,2025,10,1,归母净利润
600121,郑州煤电,2025,202,12,"2023,2024,2025",32,1,
600123,兰花科创,2025,214,11,"2023,2024,2025",27,1,净利润
600125,铁龙物流,2025,160,12,"2023,2024,2025",33,1,
600126,杭钢股份,2025,187,12,"2023,2024,2025",23,4,
600127,金健米业,2025,186,12,"2024,2025",22,1,
600128,苏豪弘业,2025,256,12,"2023,2024,2025",33,1,
600129,太极集团,2025,239,12,"2023,2024,2025",33,1,
600130,波导股份,2025,162,12,"2023,2024,2025",32,1,
600131,国网信通,2025,248,11,2025,9,2,总资产
600132,重庆啤酒,2025,197,12,"2023,2024,2025",33,1,
600133,东湖高新,2025,281,12,"2023,2024,2025",33,1,
