code,name,year,营业收入,利润总额,净利润,归母净利润,扣非归母净利润,经营活动现金流量净额,归母净资产,总资产,基本每股收益,稀释每股收益,加权平均净资产收益率,扣非加权平均净资产收益率
600000,浦发银行,2025,173964,53374,50017,50017,,375836,816914,10081746,1.52,1.42,6.76,6.78
600004,白云机场,2025,7955002081.35,1976230388.23,1513673711.49,1468348737.38,958700637.88,3074788371.68,21024452011.67,29677988460.37,0.62,0.62,7.45,4.44
600006,东风股份,2025,8858062241.72,-482964343.9,-478332945.74,-479572267.09,-929496986.27,-199183522.39,7787257523.5,15964907112.12,-0.2398,-0.2398,-5.9673,-11.5727
600007,中国国贸,2025,3770059098,1605202012,1262389074,1202295738,1247810149,1575080047,9747365058,11453565313,1.19,1.19,,
600008,首创环保,2025,18885592685.09,2936298518.05,2253429459.36,1771876566.48,1602483097.56,3761575610.48,30739137702.27,109128582749.51,0.2414,0.2414,5.73,5.18
600009,上海机场,2025,13346192164.12,3019986074.44,2410579187.36,2116775136.25,2054295543.14,5981731896.44,42539846961.27,71678547661.74,0.85,0.85,5.03,4.88
600010,包钢股份,2025,66357524000.64,490435929.21,385698209.46,373622495.09,397741138.03,2570985391.52,52044946910.67,151673460592.94,0.0083,0.0083,0.72,0.76
600011,华能国际,2025,229288057955,23643942299,19505063011,14409553809,13481553258,67212899994,142468648190,611789826893,0.74,0.74,19.04,17.53
600012,皖通高速,2025,6721574180.34,2608435549.4,1859360406.99,1877443900.82,1788813594.7,3539492972.51,12802330387.77,30408343193.82,1.1151,1.1151,14.01,14.16
600015,华夏银行,2025,91914,34174,27200,27200,27153,69063,395746,4737619,1.62,1.62,8.32,8.31
600016,民生银行,2025,142865,,30582,30563,,-157476,689637,7832567,,,,
600017,日照港,2025,7816506372.83,749662334.41,574468879.94,494751561.29,432732026.92,2213472409.35,13959838979.5,40225483053.38,0.16,0.16,3.56,3.11
600018,上港集团,2025,39611497351.53,18210725308.28,,14954353821.25,12201008971.89,11803101933.55,140941511746.6,221735642992.73,0.5837,0.5834,9.879,8.8859
600019,宝钢股份,2025,317508,13157,11412105974.05,10346,9903,33597,206165,363020,0.48,0.48,5.07,4.86
600020,中原高速,2025,6598781551.16,1178344931.83,628240025.58,628486055.17,481646211.51,2456202493.3,15632636471.68,53545897731.88,0.2294,0.2294,4.5,3.22
600021,上海电力,2025,41858345423.78,6483819562.57,,2767376498.04,2594385629.23,13076133546.29,,206621804078.57,0.8727,0.8725,12.41,11.54
600022,山东钢铁,2025,67252824464.84,484723551.07,577910221.06,105944958.44,25108677.79,4393581721.72,19007536896.98,81199915164.2,0.01,0.01,0.54,0.13
600023,浙能电力,2025,79553931304.55,9079644883.05,7639192784.78,7528041660.9,7190755196.45,11453605477.23,76512396209.44,156337713781.7,0.56,0.56,10.1,9.65
600025,华能水电,2025,26595330703.95,10767871496.69,9217292441.49,8504138221.82,8523634319.24,19048606224.95,81959909489.75,226717001711.92,0.45,0.45,12.93,12.96
600026,中远海能,2025,23892259789.49,5356649868.53,4423130170.66,4037310920.74,3342612184.8,7389147370.26,46405181844.18,92078580074.13,0.8262,0.8262,10.42,8.63
600027,华电国际,2025,126012591,10647781,8216590,6070315,5687523,27220563,69162202,264230768,0.49,,11.81,10.65
600028,中国石化,2025,2783583,43184,50313,31809,29529,-3280213,830324,2153485,0.262,,,
600029,南方航空,2025,182256,4811,2685,857,145,38209,35580,349814,0.05,0.05,2.44,0.41
600030,中信证券,2025,74854368352.85,39822903030.26,30076100951.5,30076100951.5,,74104321265.96,319930442478.96,,1.96,1.96,10.59,10.67
600031,三一重工,2025,89231023,9907171,8487650,8408057,8221213,19975261,88331244,173299138,0.9834,0.9834,11.18,10.93
600032,浙江新能,2025,4876154927.31,910775899.96,748167841.71,505929621.97,479610928.24,4500327841.7,12812085079.49,58658205206.05,0.2104,0.2104,4,3.79
600033,福建高速,2025,3049016105.68,1579817433.26,1178934987.25,948283788.91,954335484.03,2785399912.72,12411482886.16,17826294225.66,0.3455,0.3455,7.86,7.91
600035,楚天高速,2025,6573510358.8,753134481.1,784938621.78,539892402.46,528646952.14,1496124975.59,8630904086.07,24043321221.66,0.34,0.34,6.19,6.06
600036,招商银行,2025,337532,-259,151126,150181,,451457,1272875,13070523,,,,
600037,歌华有线,2025,2219754557.95,38573485.94,34313119.27,34313119.27,-68226090.79,174708357.94,,15918170580.01,0.0247,0.0247,0.27,-0.54
600038,中直股份,2025,29086417692.19,615385869.75,595399429.59,651865073.68,560698138.49,-10776483173.76,17578760384.36,51538031419.83,0.7951,0.7951,3.99,3.44
600039,四川路桥,2025,115111412828.74,9360479595.2,7459484710.15,7296866124.06,7148353236.57,7722656091.81,52817057556.8,267673535809.41,0.84,0.84,14.54,14.25
600048,保利发展,2025,30814418.96,973737.49,5022154432.21,103469.81,65897.23,1518914.87,19188876.93,118829241.94,0.09,0.09,0.54,0.34
600050,中国联通,2025,392222880560,25302808365,,9126662570,7685836118,91410552538,168591217309,671056308815,0.2921,0.2921,5.39,4.54
600051,宁波联合,2025,1267561246.52,59820012.67,38688567.69,84387429.2,39374878.72,443035201.32,3413876263.71,4500398357.31,0.27,0.27,2.49,1.16
600052,东望时代,2025,589142446.87,-479991193.83,-470906522.06,-366920790.29,-331969742.7,165319456.61,2178730704.66,3470291410.53,-0.55,-0.55,-19.47,-13.98
600053,*ST九鼎,2025,281422516.53,-279899414.96,-357726786.02,-357667021.85,-323958307.89,-71012787.3,2262166020.81,2721178769.88,-0.825,-0.825,-14.62,
600054,黄山旅游,2025,1931131905.5,490205451.55,310789149.99,315009002.14,261834633.4,521663003.98,4778366895.82,6110738966.48,0.4,0.4,6.18,5.54
600055,万东医疗,2025,1346993071.19,-300514608.35,-227793438.06,-227860105.15,-245185499.48,-251953240.28,4767546579.04,5470493043.29,-0.324,-0.324,-4.94,-5.32
600056,中国医药,2025,35361621734.95,999294796.62,674635843.84,473229055.14,376478717.77,1425879279.02,11835948719.71,36870969807.77,0.3164,0.3164,3.92,3.14
600057,厦门象屿,2025,41029122.28,227043.1,1967499325.86,129299.41,178508.65,1009734.37,3165338.38,12869705.04,0.3,0.3,5.01,8.14
600058,五矿发展,2025,52822973783.84,176114042.66,19163987.61,19103827.28,-146431985.15,1223385423.41,7416101715.52,22717652390.11,-0.05,-0.05,-0.99,-4.36
600059,古越龙山,2025,1830840685.49,299628465.22,222008336.6,222300238.5,167046608.99,337308759.67,5857754713.21,6891144356.65,0.25,0.25,3.77,2.83
600060,海信视像,2025,57679224941.74,3227317499.91,2806978247.31,2454011405.43,1877000161.78,4583216212.72,21260164263.26,44581470338.79,1.888,1.888,12.11,9.26
600061,国投资本,2025,52745474.84,4659177571.61,3627507451.48,3279299080.12,3243348375.54,14885318419.6,56736027343.45,329427010246.29,0.5,0.49,6.08,6.01
600062,华润双鹤,2025,11000795324.94,1910741542.4,1683217130.74,1646949551.48,1568159301.16,1489514452.2,11634009883.13,17009183062.74,1.5949,1.5928,14.86,14.15
600063,皖维高新,2025,8012280751.36,491216334.58,434405503.67,433994145.52,374375999.22,334888738.08,8385970795.59,15697895177.31,0.21,0.21,5.12,4.42
600064,南京高科,2025,3412703872.49,1708413785.52,1727783173.69,1830225541.66,1378617527.39,980519893.59,19099370221.4,38504127546.27,1.058,1.058,9.67,7.28
600066,宇通客车,2025,4142617.4,651869.46,,555448.2,458031.3,319667.98,1560198.8,3299024.61,2.51,2.51,38.03,31.36
600067,冠城新材,2025,12390267707.5,276729594.92,130286064.76,74681574.81,74633234.64,1542984457.31,5615074655.85,16246728278.27,0.05,0.05,1.3,1.3
600071,凤凰光学,2025,1601065405.9,36696739.27,36520387.21,34422270.67,5248315.28,160689608.07,510386391.43,1996253868.93,0.12,0.12,6.99,1.07
600072,中船科技,2025,10351257336.28,-3892103289.32,-3369320960.75,-3386892398.75,-3408215757.01,-236542673.14,7798152611.2,45164887728.13,-2.2486,-2.2486,-36.05,-36.27
600073,光明肉业,2025,22129973192.35,-512244432.23,-672419421.64,-132438166.82,-145935530.1,-188613736.92,4692754387.73,14657198299.69,-0.14,-0.14,-2.76,-3.04
600075,新疆天业,2025,10487823729.91,20802614.13,-57028404.41,-57074737.49,-90891956.28,787800388.11,9233174322.49,20598030910.76,-0.03,-0.03,-0.61,-0.94
600076,康欣新材,2025,376738116.54,-385174544.71,-341979008.5,-384604083.07,-382254067.77,-118935545.81,3611649638.12,6658133169.98,-0.29,-0.29,-10.1,-10.04
600078,澄星股份,2025,3596286350.46,135470120.15,98793324.53,8472122.07,-51302359.36,376547791.46,1670620213.07,5693708575.35,0.0127,0.0127,0.51,-3.09
600079,ST人福,2025,23962010164.64,3056460969.58,2492456006.87,1855334433.96,1762404870.57,2518723812.14,18913313552.86,36745121610.08,1.14,1.14,10.16,9.65
600080,ST金花,2025,544042062.96,18569507.49,15331726.51,15576690.75,12116070.73,24765161.64,1559604502.13,1927960048.08,0.0442,0.0442,1,0.78
600081,东风科技,2025,6274293277.76,187637372.66,148531839.08,18838464.93,-46995376.32,207622161.49,4576859125.22,10273362995.59,0.0341,0.0341,0.4114,-1.0264
600082,ST海泰 ,2025,449240562.34,-59601051.78,-72983285.77,-72983285.77,-76483275.15,778262931.7,1703047710.93,2506998795.68,-0.113,-0.113,-4.2,-4.4
600084,*ST尼雅,2025,123303801.05,-24870552.58,-26162863.39,-26075503.09,-30255760.68,1107268.08,1267745525.66,1426131639.46,-0.0232,-0.0232,-2.04,-2.36
600085,同仁堂,2025,1725618.51,202668.9,1633180144.61,118937.44,114727.19,269287.07,1365662.57,3062111.95,0.867,,8.86,8.54
600088,中视传媒,2025,1037484312.21,17330603.37,-15559473.44,-17956761.63,-15224287.99,-56177528.16,1253960686.69,1712845805.38,-0.045,-0.045,-1.41,-1.2
600089,特变电工,2025,9722653.84,805177.52,3602890621.32,595429.5,455424.95,933063.1,7439182.16,22715038.16,1.161,1.161,8.7546,6.6516
600094,大名城,2025,2246548569.51,166957234.31,150251869.76,143478990.09,140282278.09,648795247.52,10270613149.51,16385767295.02,0.06,0.06,1.41,1.38
600095,湘财股份,2025,299339580.62,651515918.34,461551430.51,464125694.21,410936668.39,1644411199.11,12259583545.52,43951979188.9,0.1629,0.1629,3.8562,3.4143
600096,云天化,2025,48414923741.78,6495196443.95,5497710564.3,5156043643.98,5006770069.17,9087217375.51,24581339135.02,50342468471.93,2.8283,2.8283,21.87,21.23
600097,开创国际,2025,2315558903.89,81254877.27,78048488.67,73894019.42,69249173.69,167990623.18,2319151944.42,3430891629.87,0.31,0.31,3.24,3.04
600098,广州发展,2025,50841626989.35,2384046238.19,2479773837.97,2319437070.79,1054190938.19,5621009168.63,27194211265.61,82695505159.82,0.6626,0.6626,8.6069,3.9119
600099,林海股份,2025,694807559.13,27569054.89,24552718.7,24552718.7,21676693.13,126612952.37,546367458,1031205356.64,0.112,0.112,4.58,4.05
600100,同方股份,2025,15064892096.09,371981527.34,290043464.44,495005722.72,287758984.69,1417296493.89,16108148745.52,49203612780.78,0.1477,0.1477,3.02,1.75
600101,明星电力,2025,3021200133.31,224614215.26,184150671.02,184150671.02,182453363.93,219691715.61,3084842563.89,4116858275.63,0.3361,0.3361,6.03,5.98
600103,青山纸业,2025,2418990221.17,90445393.32,73328806.06,54684226.42,13579278.02,136419367.57,3960831004.41,6369720116.09,0.0247,0.0247,1.39,0.34
600104,上汽集团,2025,646152101889.3,24909009484.08,17443923842.46,10105800270.34,7422891747.83,34306601905.98,298812278173.08,960207461450.6899,0.885,,3.43,2.52
600105,永鼎股份,2025,5286822892.02,218580472.72,208191636.34,233640658.03,226870677.59,311615210.92,3177210536.92,9082595670.49,0.1598,0.1598,7.48,7.26
600106,重庆路桥,2025,112893960.36,161589158,114007110.63,114007110.63,119962701.01,55136909.61,,7063500682.09,0.09,0.09,2.2,2.32
600107,*ST尔雅,2025,236195000.11,-96516658.96,-93425131.7,-89092646.6,-92885739.92,1254689.28,401683133.32,748364760.06,-0.25,-0.25,-19.9,-20.75
600108,亚盛集团,2025,4241548459.66,62679048.32,57367181.89,56933641.97,6789350.07,149706096.26,4324609423.95,9889476545.41,0.0292,0.0292,1.32,0.16
600109,国金证券,2025,8456815830.54,2825259057.28,2290856273.42,2276891494.01,2185478042.48,4093986136.39,35471077750.4,148830093752.4,0.618,0.618,6.58,6.32
600110,诺德股份,2025,38.86,95906605.79,-312206429.17,351685960.57,415381390.08,616482488.16,6115440133.17,19399288809.85,-0.1734,-0.1734,-5.28,-3.56
600111,北方稀土,2025,29.11,3384289543.79,2858805350.72,2251272073.68,2055908109.98,1025577551.59,24660969712.52,48127817177.89,0.6227,0.6227,9.56,8.73
600113,浙江东日,2025,773504798.71,184424362.24,138473558.62,144063627.16,124692224.64,68887631.9,2552959533.46,3541796253.75,0.35,0.35,5.88,5.09
600114,东睦股份,2025,6037496242.45,714655549.71,,535770128.1,518979831.03,1003033850.72,3402645731.43,7847747135.81,0.86,0.86,17.64,17.09
600115,中国东航,2025,139941,274,,-1633,-2949,37941,37759,291764,-0.11,-0.11,-16.81,-26.29
600116,三峡水利,2025,10172907704.5,659806989.2,416900777.83,435920951.09,198699308.63,1396305317,11296543907.79,25201527976.12,0.23,0.23,3.89,1.78
600117,西宁特钢,2025,5717190724.4,-1042843273.18,,-900089599.88,-953297078.97,72948016.06,5367324581.78,12331129999.14,-0.28,-0.28,-21.83,-23.12
600118,中国卫星,2025,6102944926,16841166.01,24052047.9,35556687.85,7583718.56,363333516.24,6365044137.99,13201298080.22,0.03,0.03,0.56,0.12
600119,*ST长投,2025,203728891.59,-40510306.25,-40699503.94,-45951536.24,-32646354.79,20004706.89,87245172.25,496903480.19,-0.13,-0.13,-41.78,-29.68
600120,浙江东方,2025,818112052.53,1085409004.01,975254752.28,,791109506.34,798940299.01,16497308330.07,60404136916.03,0.28,0.28,5.8,4.91
600121,郑州煤电,2025,3552273658.65,-675386278.18,-782089957.93,-927483677.71,-908460686.87,139019244.63,937772955.4,13110530905.74,-0.7612,-0.7612,-65.86,-64.51
600123,兰花科创,2025,8141540425.11,-810089751.56,,-539924732.77,-851959156.77,-341829248.77,16642667165.52,29857545599.48,-0.3665,-0.3665,-3.45,-5.44
600125,铁龙物流,2025,11493909430.4,740058785.43,520997453.72,525051958.4,509511210.09,689966467.27,7622260921.99,10324814800.18,0.402,0.402,7.016,6.808
600126,杭钢股份,2025,-17.81,69510970.45,23071462.13,24138999.02,-111604258.3,1129659454.33,19424983072.77,31171280705.3,0.01,0.01,0.12,-0.57
600127,金健米业,2025,3358009537.17,10309859.65,3339826.11,3772773.2,-3980099.08,72285437.24,671220744.82,1867902470.54,0.0059,0.0059,0.56,-0.59
600128,苏豪弘业,2025,7734774728.73,94241536.67,73362467.51,48272991.5,4715456.84,228878136.33,2144254870.59,6446705375.53,0.1956,0.1956,2.2654,0.2213
600129,太极集团,2025,10500021614.28,221108143.79,120626783.59,120570288.49,43671740.61,583884730.17,3501509450.84,14411393169.97,0.22,0.22,3.42,1.24
600130,波导股份,2025,470414681.38,9209537.14,9195579.64,5250696.66,-7478076.83,-19551317.93,961743688.04,1212905240.92,0.01,0.01,0.55,-0.78
600131,国网信通,2025,7315169679.72,778335135.53,674087251.77,657357866.46,599207978.67,1947866764.09,6477798760.44,,0.55,0.55,8.04,7.33
600132,重庆啤酒,2025,14721871107.45,3241925584.31,2478207663.11,1230897085.41,1187723571.58,2624190299.49,1377010188.68,10690758918.93,2.54,2.54,81.68,78.82
600133,东湖高新,2025,3749891150.97,389571701.5,308177078.9,27619637000,214168257.81,-140125692.14,9110993903.26,19721709261.32,0.259,0.259,3.09,2.4
